Workbook

Sheet 00_Ozet
A1: Restoran Anlık Maliyet Yöntemleri
A2: Ağırlıklı Ortalama, FIFO ve Son Alış Fiyatı yöntemlerinin büyük veri mantığıyla formülleştirilmiş Excel çalışma kitabı.
A4: Dosyanın amacı
A5: Bir hammaddenin farklı fiyatlardan tekrar tekrar satın alındığı restoran yapısında, stoktan çıkan miktarın hangi birim maliyetle değerleneceğini göstermek. Büyük datada kritik nokta; her hareketi tek bir log tablosunda tutmak, satırları MalzemeID + TarihSaat + HareketID sırasına sokmak ve hesaplamayı ürün bazlı akan bakiye olarak yapmaktır.
A9: Yöntem | B9: Ana mantık | C9: Formül özeti | D9: Büyük veride uygulama | E9: Restoran yorumu
A10: Ağırlıklı Ortalama | B10: Depoda kalan stok tutarı / depoda kalan miktar = tek cari birim maliyet. | C10: Q_t = Q_(t-1)+Giriş-Çıkış; V_t = V_(t-1)+AlışTutarı-Çıkış*ÖncekiOrtalama; C_t = V_t/Q_t | D10: Ürün bazında sıralı hareket akışı ve sadece üst satırdan gelen stok/tutar. Çok büyük hacimde günlük snapshot tablosu kullanılır. | E10: Restoran için genelde en dengeli yöntem; porsiyon maliyetini ani sıçramadan korur.
A11: FIFO | B11: İlk alınan parti önce tüketilmiş kabul edilir. Her alış bir maliyet katmanıdır. | C11: Çıkış maliyeti = SUM(partiden kullanılan miktar * parti fiyatı). Kullanım miktarı kümülatif giriş/çıkış aralığı kesişimidir. | D11: Büyük veride açık FIFO lot kuyruğu, lot başlangıç/bitiş kümülatifi ve parti tüketim tablosu tutulur. | E11: Fiziki gıda akışına uyar; aynı gün içinde maliyet sıçraması yaratabilir.
A12: Son Alış Fiyatı | B12: Anlık maliyet, depodaki karışım ne olursa olsun en son fatura fiyatıdır. | C12: C_t = Alış varsa AlışBirimFiyat, yoksa C_(t-1); Çıkış maliyeti = Çıkış * C_t | D12: Ürün master/snapshot tablosunda LastPurchasePrice güncellenir; satış ve reçete maliyetleri bunu okur. | E12: Enflasyonist ortamda korumacı fiyatlama sağlar; stok değerini olduğundan yüksek gösterebilir.
A15: Dosya yapısı
A16: 01_Ham_Veri | B16: Tek hareket logu: alış, tüketim, fire ve belge bilgileri.
A17: 02_Agirlikli_Ortalama | B17: Canlı satır formülleriyle ağırlıklı ortalama maliyet.
A18: 03_FIFO | B18: Kümülatif aralık mantığıyla FIFO çıkış maliyeti.
A19: 04_Son_Alis | B19: Son fatura fiyatı üzerinden maliyetleme.
A20: 05_Buyuk_Data_Rehberi | B20: Milyonlarca satır için veri modeli, formül ve performans notları.
A21: 06_Recete_Maliyeti | B21: Yöntemlerin menü/reçete maliyetine etkisi.
A23: Hazırlanma tarihi: 2026-06-11 | Not: Formüller İngilizce Excel fonksiyon adlarıyla yazılır; Türkçe Excel arayüzünde yerel adlarla görüntülenebilir.

Sheet 01_Ham_Veri
A1: Ham Veri Şablonu
A2: Büyük veride bu sayfa mantığı tek kaynak hareket logudur. Her satır bir stok hareketidir; silmek yerine düzeltme/iptal hareketi eklenir.
A5: HareketID | B5: TarihSaat | C5: MalzemeID | D5: Malzeme | E5: Birim | F5: HareketTipi | G5: Miktar | H5: AlışBirimFiyat | I5: BelgeNo | J5: Not | L5: Okuma notu
A6: 1 | B6: 46023.333 | C6: ET001 | D6: Dana eti | E6: kg | F6: Alış | G6: 10 | H6: 400 | I6: FAT-001 | J6: İlk alım | L6: Zorunlu sıralama: MalzemeID + TarihSaat + HareketID. Üç yöntem de aynı sıralı hareket akışından beslenir.
A7: 2 | B7: 46023.771 | C7: ET001 | D7: Dana eti | E7: kg | F7: Tüketim | G7: 3 | I7: POS-001 | J7: Reçete tüketimi | L7: Alış satırında miktar ve alış birim fiyatı dolu olur. Tüketim/fire satırında fiyat boş bırakılır; maliyet seçilen yönteme göre hesaplanır.
A8: 3 | B8: 46024.385 | C8: ET001 | D8: Dana eti | E8: kg | F8: Alış | G8: 20 | H8: 460 | I8: FAT-002 | J8: Yeni fiyat | L8: Çok büyük datada bu tablo Excel yerine veritabanında tutulabilir; Excel sadece model, rapor veya doğrulama katmanı olur.
A9: 4 | B9: 46024.792 | C9: ET001 | D9: Dana eti | E9: kg | F9: Tüketim | G9: 12 | I9: POS-002 | J9: Yoğun servis
A10: 5 | B10: 46025.389 | C10: ET001 | D10: Dana eti | E10: kg | F10: Alış | G10: 15 | H10: 500 | I10: FAT-003 | J10: Fiyat artışı
A11: 6 | B11: 46025.882 | C11: ET001 | D11: Dana eti | E11: kg | F11: Tüketim | G11: 18 | I11: POS-003 | J11: Reçete tüketimi
A12: 7 | B12: 46026.458 | C12: ET001 | D12: Dana eti | E12: kg | F12: Fire | G12: 1 | I12: FIRE-001 | J12: Temizleme firesi
A13: 8 | B13: 46023.312 | C13: UN001 | D13: Un | E13: kg | F13: Alış | G13: 50 | H13: 18 | I13: FAT-010 | J13: İlk alım
A14: 9 | B14: 46023.833 | C14: UN001 | D14: Un | E14: kg | F14: Tüketim | G14: 12 | I14: POS-010 | J14: Hamur üretimi
A15: 10 | B15: 46024.319 | C15: UN001 | D15: Un | E15: kg | F15: Alış | G15: 60 | H15: 21 | I15: FAT-011 | J15: Yeni fiyat
A16: 11 | B16: 46024.875 | C16: UN001 | D16: Un | E16: kg | F16: Tüketim | G16: 40 | I16: POS-011 | J16: Hamur üretimi
A17: 12 | B17: 46025.34 | C17: UN001 | D17: Un | E17: kg | F17: Alış | G17: 40 | H17: 24 | I17: FAT-012 | J17: Fiyat artışı
A18: 13 | B18: 46026.854 | C18: UN001 | D18: Un | E18: kg | F18: Tüketim | G18: 55 | I18: POS-012 | J18: Hamur üretimi
A19: 14 | B19: 46027.417 | C19: UN001 | D19: Un | E19: kg | F19: Fire | G19: 2 | I19: FIRE-010 | J19: Dökülme/fire
A21: Hazırlanma tarihi: 2026-06-11 | Not: Formüller İngilizce Excel fonksiyon adlarıyla yazılır; Türkçe Excel arayüzünde yerel adlarla görüntülenebilir.

Sheet 02_Agirlikli_Ortalama
A1: Ağırlıklı Ortalama Maliyet
A2: Restoranlar için genelde en dengeli yöntem. Formüller, aynı malzemede üst satırdaki stok miktarı ve stok tutarından devam eder.
A3: Büyük veri formülü: Q_t=Q_(t-1)+Giriş-Çıkış | V_t=V_(t-1)+GirişTutarı-Çıkış*ÖncekiBirimMaliyet | C_t=V_t/Q_t
A5: HareketID | B5: MalzemeID | C5: Malzeme | D5: TarihSaat | E5: HareketTipi | F5: Miktar | G5: AlışBirimFiyat | H5: GirişMiktar | I5: ÇıkışMiktar | J5: ÖncekiStokMiktarı | K5: ÖncekiStokTutarı | L5: ÖncekiBirimMaliyet | M5: GirişTutarı | N5: ÇıkışMaliyeti | O5: StokMiktarı | P5: StokTutarı | Q5: AnlıkBirimMaliyet | R5: Formül mantığı
A6: 1 | B6: ET001 | C6: Dana eti | D6: 46023.333 | E6: Alış | F6: 10 | G6: 400 | H6: =IF($E6="Alış",$F6,0) -> 10 | I6: =IF($E6<>"Alış",$F6,0) -> 0 | J6: =IF($B6=$B5,$O5,0) -> 0 | K6: =IF($B6=$B5,$P5,0) -> 0 | L6: =IF($J6=0,0,$K6/$J6) -> 0 | M6: =$H6*$G6 -> 4000 | N6: =$I6*$L6 -> 0 | O6: =$J6+$H6-$I6 -> 10 | P6: =$K6+$M6-$N6 -> 4000 | Q6: =IF($O6=0,0,$P6/$O6) -> 400 | R6: Ortalama maliyet stok tutarı / stok miktarıdır; çıkışlar önceki ortalama ile düşer.
A7: 2 | B7: ET001 | C7: Dana eti | D7: 46023.771 | E7: Tüketim | F7: 3 | H7: =IF($E7="Alış",$F7,0) -> 0 | I7: =IF($E7<>"Alış",$F7,0) -> 3 | J7: =IF($B7=$B6,$O6,0) -> 10 | K7: =IF($B7=$B6,$P6,0) -> 4000 | L7: =IF($J7=0,0,$K7/$J7) -> 400 | M7: =$H7*$G7 -> 0 | N7: =$I7*$L7 -> 1200 | O7: =$J7+$H7-$I7 -> 7 | P7: =$K7+$M7-$N7 -> 2800 | Q7: =IF($O7=0,0,$P7/$O7) -> 400 | R7: Ortalama maliyet stok tutarı / stok miktarıdır; çıkışlar önceki ortalama ile düşer.
A8: 3 | B8: ET001 | C8: Dana eti | D8: 46024.385 | E8: Alış | F8: 20 | G8: 460 | H8: =IF($E8="Alış",$F8,0) -> 20 | I8: =IF($E8<>"Alış",$F8,0) -> 0 | J8: =IF($B8=$B7,$O7,0) -> 7 | K8: =IF($B8=$B7,$P7,0) -> 2800 | L8: =IF($J8=0,0,$K8/$J8) -> 400 | M8: =$H8*$G8 -> 9200 | N8: =$I8*$L8 -> 0 | O8: =$J8+$H8-$I8 -> 27 | P8: =$K8+$M8-$N8 -> 12000 | Q8: =IF($O8=0,0,$P8/$O8) -> 444.44444 | R8: Ortalama maliyet stok tutarı / stok miktarıdır; çıkışlar önceki ortalama ile düşer.
A9: 4 | B9: ET001 | C9: Dana eti | D9: 46024.792 | E9: Tüketim | F9: 12 | H9: =IF($E9="Alış",$F9,0) -> 0 | I9: =IF($E9<>"Alış",$F9,0) -> 12 | J9: =IF($B9=$B8,$O8,0) -> 27 | K9: =IF($B9=$B8,$P8,0) -> 12000 | L9: =IF($J9=0,0,$K9/$J9) -> 444.44444 | M9: =$H9*$G9 -> 0 | N9: =$I9*$L9 -> 5333.3333 | O9: =$J9+$H9-$I9 -> 15 | P9: =$K9+$M9-$N9 -> 6666.6667 | Q9: =IF($O9=0,0,$P9/$O9) -> 444.44444 | R9: Ortalama maliyet stok tutarı / stok miktarıdır; çıkışlar önceki ortalama ile düşer.
A10: 5 | B10: ET001 | C10: Dana eti | D10: 46025.389 | E10: Alış | F10: 15 | G10: 500 | H10: =IF($E10="Alış",$F10,0) -> 15 | I10: =IF($E10<>"Alış",$F10,0) -> 0 | J10: =IF($B10=$B9,$O9,0) -> 15 | K10: =IF($B10=$B9,$P9,0) -> 6666.6667 | L10: =IF($J10=0,0,$K10/$J10) -> 444.44444 | M10: =$H10*$G10 -> 7500 | N10: =$I10*$L10 -> 0 | O10: =$J10+$H10-$I10 -> 30 | P10: =$K10+$M10-$N10 -> 14166.667 | Q10: =IF($O10=0,0,$P10/$O10) -> 472.22222 | R10: Ortalama maliyet stok tutarı / stok miktarıdır; çıkışlar önceki ortalama ile düşer.
A11: 6 | B11: ET001 | C11: Dana eti | D11: 46025.882 | E11: Tüketim | F11: 18 | H11: =IF($E11="Alış",$F11,0) -> 0 | I11: =IF($E11<>"Alış",$F11,0) -> 18 | J11: =IF($B11=$B10,$O10,0) -> 30 | K11: =IF($B11=$B10,$P10,0) -> 14166.667 | L11: =IF($J11=0,0,$K11/$J11) -> 472.22222 | M11: =$H11*$G11 -> 0 | N11: =$I11*$L11 -> 8500 | O11: =$J11+$H11-$I11 -> 12 | P11: =$K11+$M11-$N11 -> 5666.6667 | Q11: =IF($O11=0,0,$P11/$O11) -> 472.22222 | R11: Ortalama maliyet stok tutarı / stok miktarıdır; çıkışlar önceki ortalama ile düşer.
A12: 7 | B12: ET001 | C12: Dana eti | D12: 46026.458 | E12: Fire | F12: 1 | H12: =IF($E12="Alış",$F12,0) -> 0 | I12: =IF($E12<>"Alış",$F12,0) -> 1 | J12: =IF($B12=$B11,$O11,0) -> 12 | K12: =IF($B12=$B11,$P11,0) -> 5666.6667 | L12: =IF($J12=0,0,$K12/$J12) -> 472.22222 | M12: =$H12*$G12 -> 0 | N12: =$I12*$L12 -> 472.22222 | O12: =$J12+$H12-$I12 -> 11 | P12: =$K12+$M12-$N12 -> 5194.4444 | Q12: =IF($O12=0,0,$P12/$O12) -> 472.22222 | R12: Ortalama maliyet stok tutarı / stok miktarıdır; çıkışlar önceki ortalama ile düşer.
A14: Hazırlanma tarihi: 2026-06-11 | Not: Formüller İngilizce Excel fonksiyon adlarıyla yazılır; Türkçe Excel arayüzünde yerel adlarla görüntülenebilir.

Sheet 03_FIFO
A1: FIFO - İlk Giren İlk Çıkar
A2: Her alış bir maliyet katmanıdır. Çıkış maliyeti, tüketim aralığının alış katmanlarıyla kesişimine göre hesaplanır.
A3: Büyük veri formülü: KullanılanMiktar=max(0,min(ÇıkışSonrası,LotEnd)-max(ÇıkışÖncesi,LotStart)).
A5: HareketID | B5: MalzemeID | C5: Malzeme | D5: TarihSaat | E5: HareketTipi | F5: Miktar | G5: AlışBirimFiyat | H5: GirişMiktar | I5: ÇıkışMiktar | O5: Küm.GirişÖncesi | P5: Küm.GirişSonrası | Q5: Küm.ÇıkışÖncesi | R5: Küm.ÇıkışSonrası | W5: FIFOÇıkışMaliyeti | X5: StokMiktarı | Y5: FIFOStokTutarı | Z5: FIFOStokBirimMaliyeti | AA5: Formül mantığı
A6: 1 | B6: ET001 | C6: Dana eti | D6: 46023.333 | E6: Alış | F6: 10 | G6: 400 | H6: =IF($E6="Alış",$F6,0) -> 10 | I6: =IF($E6<>"Alış",$F6,0) -> 0 | O6: =IF($B6=$B5,$P5,0) -> 0 | P6: =$O6+$H6 -> 10 | Q6: =IF($B6=$B5,$R5,0) -> 0 | R6: =$Q6+$I6 -> 0 | W6: =IF($I6=0,0,SUMPRODUCT(($B$6:$B6=$B6)*($H$6:$H6>0)*($G$6:$G6)*(IF($P$6:$P6<$R6,$P$6:$P6,$R6)-IF($O$6:$O6>$Q6,$O$6:$O6,$Q6))*--((IF($P$6:$P6<$R6,$P$6:$P6,$R6)-IF($O$6:$O6>$Q6,$O$6:$O6,$Q6))>0))) -> 0 | X6: =IF($B6=$B5,$X5,0)+$H6-$I6 -> 10 | Y6: =IF($B6=$B5,$Y5,0)+$H6*$G6-$W6 -> 4000 | Z6: =IF($X6=0,0,$Y6/$X6) -> 400 | AA6: FIFO maliyeti, çıkışın kümülatif tüketim aralığı ile alış katmanlarının kümülatif giriş aralığı kesiştirilerek bulunur.
A7: 2 | B7: ET001 | C7: Dana eti | D7: 46023.771 | E7: Tüketim | F7: 3 | H7: =IF($E7="Alış",$F7,0) -> 0 | I7: =IF($E7<>"Alış",$F7,0) -> 3 | O7: =IF($B7=$B6,$P6,0) -> 10 | P7: =$O7+$H7 -> 10 | Q7: =IF($B7=$B6,$R6,0) -> 0 | R7: =$Q7+$I7 -> 3 | W7: =IF($I7=0,0,SUMPRODUCT(($B$6:$B7=$B7)*($H$6:$H7>0)*($G$6:$G7)*(IF($P$6:$P7<$R7,$P$6:$P7,$R7)-IF($O$6:$O7>$Q7,$O$6:$O7,$Q7))*--((IF($P$6:$P7<$R7,$P$6:$P7,$R7)-IF($O$6:$O7>$Q7,$O$6:$O7,$Q7))>0))) -> 1200 | X7: =IF($B7=$B6,$X6,0)+$H7-$I7 -> 7 | Y7: =IF($B7=$B6,$Y6,0)+$H7*$G7-$W7 -> 2800 | Z7: =IF($X7=0,0,$Y7/$X7) -> 400 | AA7: FIFO maliyeti, çıkışın kümülatif tüketim aralığı ile alış katmanlarının kümülatif giriş aralığı kesiştirilerek bulunur.
A8: 3 | B8: ET001 | C8: Dana eti | D8: 46024.385 | E8: Alış | F8: 20 | G8: 460 | H8: =IF($E8="Alış",$F8,0) -> 20 | I8: =IF($E8<>"Alış",$F8,0) -> 0 | O8: =IF($B8=$B7,$P7,0) -> 10 | P8: =$O8+$H8 -> 30 | Q8: =IF($B8=$B7,$R7,0) -> 3 | R8: =$Q8+$I8 -> 3 | W8: =IF($I8=0,0,SUMPRODUCT(($B$6:$B8=$B8)*($H$6:$H8>0)*($G$6:$G8)*(IF($P$6:$P8<$R8,$P$6:$P8,$R8)-IF($O$6:$O8>$Q8,$O$6:$O8,$Q8))*--((IF($P$6:$P8<$R8,$P$6:$P8,$R8)-IF($O$6:$O8>$Q8,$O$6:$O8,$Q8))>0))) -> 0 | X8: =IF($B8=$B7,$X7,0)+$H8-$I8 -> 27 | Y8: =IF($B8=$B7,$Y7,0)+$H8*$G8-$W8 -> 12000 | Z8: =IF($X8=0,0,$Y8/$X8) -> 444.44444 | AA8: FIFO maliyeti, çıkışın kümülatif tüketim aralığı ile alış katmanlarının kümülatif giriş aralığı kesiştirilerek bulunur.
A9: 4 | B9: ET001 | C9: Dana eti | D9: 46024.792 | E9: Tüketim | F9: 12 | H9: =IF($E9="Alış",$F9,0) -> 0 | I9: =IF($E9<>"Alış",$F9,0) -> 12 | O9: =IF($B9=$B8,$P8,0) -> 30 | P9: =$O9+$H9 -> 30 | Q9: =IF($B9=$B8,$R8,0) -> 3 | R9: =$Q9+$I9 -> 15 | W9: =IF($I9=0,0,SUMPRODUCT(($B$6:$B9=$B9)*($H$6:$H9>0)*($G$6:$G9)*(IF($P$6:$P9<$R9,$P$6:$P9,$R9)-IF($O$6:$O9>$Q9,$O$6:$O9,$Q9))*--((IF($P$6:$P9<$R9,$P$6:$P9,$R9)-IF($O$6:$O9>$Q9,$O$6:$O9,$Q9))>0))) -> 8300 | X9: =IF($B9=$B8,$X8,0)+$H9-$I9 -> 15 | Y9: =IF($B9=$B8,$Y8,0)+$H9*$G9-$W9 -> 3700 | Z9: =IF($X9=0,0,$Y9/$X9) -> 246.66667 | AA9: FIFO maliyeti, çıkışın kümülatif tüketim aralığı ile alış katmanlarının kümülatif giriş aralığı kesiştirilerek bulunur.
A10: 5 | B10: ET001 | C10: Dana eti | D10: 46025.389 | E10: Alış | F10: 15 | G10: 500 | H10: =IF($E10="Alış",$F10,0) -> 15 | I10: =IF($E10<>"Alış",$F10,0) -> 0 | O10: =IF($B10=$B9,$P9,0) -> 30 | P10: =$O10+$H10 -> 45 | Q10: =IF($B10=$B9,$R9,0) -> 15 | R10: =$Q10+$I10 -> 15 | W10: =IF($I10=0,0,SUMPRODUCT(($B$6:$B10=$B10)*($H$6:$H10>0)*($G$6:$G10)*(IF($P$6:$P10<$R10,$P$6:$P10,$R10)-IF($O$6:$O10>$Q10,$O$6:$O10,$Q10))*--((IF($P$6:$P10<$R10,$P$6:$P10,$R10)-IF($O$6:$O10>$Q10,$O$6:$O10,$Q10))>0))) -> 0 | X10: =IF($B10=$B9,$X9,0)+$H10-$I10 -> 30 | Y10: =IF($B10=$B9,$Y9,0)+$H10*$G10-$W10 -> 11200 | Z10: =IF($X10=0,0,$Y10/$X10) -> 373.33333 | AA10: FIFO maliyeti, çıkışın kümülatif tüketim aralığı ile alış katmanlarının kümülatif giriş aralığı kesiştirilerek bulunur.
A11: 6 | B11: ET001 | C11: Dana eti | D11: 46025.882 | E11: Tüketim | F11: 18 | H11: =IF($E11="Alış",$F11,0) -> 0 | I11: =IF($E11<>"Alış",$F11,0) -> 18 | O11: =IF($B11=$B10,$P10,0) -> 45 | P11: =$O11+$H11 -> 45 | Q11: =IF($B11=$B10,$R10,0) -> 15 | R11: =$Q11+$I11 -> 33 | W11: =IF($I11=0,0,SUMPRODUCT(($B$6:$B11=$B11)*($H$6:$H11>0)*($G$6:$G11)*(IF($P$6:$P11<$R11,$P$6:$P11,$R11)-IF($O$6:$O11>$Q11,$O$6:$O11,$Q11))*--((IF($P$6:$P11<$R11,$P$6:$P11,$R11)-IF($O$6:$O11>$Q11,$O$6:$O11,$Q11))>0))) -> 25280 | X11: =IF($B11=$B10,$X10,0)+$H11-$I11 -> 12 | Y11: =IF($B11=$B10,$Y10,0)+$H11*$G11-$W11 -> -14080 | Z11: =IF($X11=0,0,$Y11/$X11) -> -1173.3333 | AA11: FIFO maliyeti, çıkışın kümülatif tüketim aralığı ile alış katmanlarının kümülatif giriş aralığı kesiştirilerek bulunur.
A12: 7 | B12: ET001 | C12: Dana eti | D12: 46026.458 | E12: Fire | F12: 1 | H12: =IF($E12="Alış",$F12,0) -> 0 | I12: =IF($E12<>"Alış",$F12,0) -> 1 | O12: =IF($B12=$B11,$P11,0) -> 45 | P12: =$O12+$H12 -> 45 | Q12: =IF($B12=$B11,$R11,0) -> 33 | R12: =$Q12+$I12 -> 34 | W12: =IF($I12=0,0,SUMPRODUCT(($B$6:$B12=$B12)*($H$6:$H12>0)*($G$6:$G12)*(IF($P$6:$P12<$R12,$P$6:$P12,$R12)-IF($O$6:$O12>$Q12,$O$6:$O12,$Q12))*--((IF($P$6:$P12<$R12,$P$6:$P12,$R12)-IF($O$6:$O12>$Q12,$O$6:$O12,$Q12))>0))) -> 26640 | X12: =IF($B12=$B11,$X11,0)+$H12-$I12 -> 11 | Y12: =IF($B12=$B11,$Y11,0)+$H12*$G12-$W12 -> -40720 | Z12: =IF($X12=0,0,$Y12/$X12) -> -3701.8182 | AA12: FIFO maliyeti, çıkışın kümülatif tüketim aralığı ile alış katmanlarının kümülatif giriş aralığı kesiştirilerek bulunur.
A14: Hazırlanma tarihi: 2026-06-11 | Not: Formüller İngilizce Excel fonksiyon adlarıyla yazılır; Türkçe Excel arayüzünde yerel adlarla görüntülenebilir.

Sheet 04_Son_Alis
A1: Son Alış Fiyatı Yöntemi
A2: Maliyet, eldeki stok karışımından bağımsız olarak en son fatura fiyatına eşitlenir. En korumacı fiyatlama yaklaşımıdır.
A3: Büyük veri formülü: C_t=IF(HareketTipi='Alış', AlışBirimFiyat, C_(t-1)); ÇıkışMaliyeti=Çıkış*C_t.
A5: HareketID | B5: MalzemeID | C5: Malzeme | D5: TarihSaat | E5: HareketTipi | F5: Miktar | G5: AlışBirimFiyat | H5: GirişMiktar | R5: ÇıkışMiktar | S5: ÖncekiSonAlış | T5: SonAlışBirimMaliyet | U5: ÇıkışMaliyeti | V5: StokMiktarı | W5: TeorikStokDeğeri | X5: Formül mantığı
A6: 1 | B6: ET001 | C6: Dana eti | D6: 46023.333 | E6: Alış | F6: 10 | G6: 400 | H6: =IF($E6="Alış",$F6,0) -> 10 | R6: =IF($E6<>"Alış",$F6,0) -> 0 | S6: =IF($B6=$B5,$T5,0) -> 0 | T6: =IF($E6="Alış",$G6,$S6) -> 400 | U6: =$R6*$T6 -> 0 | V6: =IF($B6=$B5,$V5,0)+$H6-$R6 -> 10 | W6: =$V6*$T6 -> 4000 | X6: Reçete maliyeti, bu satırdan sonra son alış birim fiyatını kullanır; stok değeri teoriktir.
A7: 2 | B7: ET001 | C7: Dana eti | D7: 46023.771 | E7: Tüketim | F7: 3 | H7: =IF($E7="Alış",$F7,0) -> 0 | R7: =IF($E7<>"Alış",$F7,0) -> 3 | S7: =IF($B7=$B6,$T6,0) -> 400 | T7: =IF($E7="Alış",$G7,$S7) -> 400 | U7: =$R7*$T7 -> 1200 | V7: =IF($B7=$B6,$V6,0)+$H7-$R7 -> 7 | W7: =$V7*$T7 -> 2800 | X7: Reçete maliyeti, bu satırdan sonra son alış birim fiyatını kullanır; stok değeri teoriktir.
A8: 3 | B8: ET001 | C8: Dana eti | D8: 46024.385 | E8: Alış | F8: 20 | G8: 460 | H8: =IF($E8="Alış",$F8,0) -> 20 | R8: =IF($E8<>"Alış",$F8,0) -> 0 | S8: =IF($B8=$B7,$T7,0) -> 400 | T8: =IF($E8="Alış",$G8,$S8) -> 460 | U8: =$R8*$T8 -> 0 | V8: =IF($B8=$B7,$V7,0)+$H8-$R8 -> 27 | W8: =$V8*$T8 -> 12420 | X8: Reçete maliyeti, bu satırdan sonra son alış birim fiyatını kullanır; stok değeri teoriktir.
A9: 4 | B9: ET001 | C9: Dana eti | D9: 46024.792 | E9: Tüketim | F9: 12 | H9: =IF($E9="Alış",$F9,0) -> 0 | R9: =IF($E9<>"Alış",$F9,0) -> 12 | S9: =IF($B9=$B8,$T8,0) -> 460 | T9: =IF($E9="Alış",$G9,$S9) -> 460 | U9: =$R9*$T9 -> 5520 | V9: =IF($B9=$B8,$V8,0)+$H9-$R9 -> 15 | W9: =$V9*$T9 -> 6900 | X9: Reçete maliyeti, bu satırdan sonra son alış birim fiyatını kullanır; stok değeri teoriktir.
A10: 5 | B10: ET001 | C10: Dana eti | D10: 46025.389 | E10: Alış | F10: 15 | G10: 500 | H10: =IF($E10="Alış",$F10,0) -> 15 | R10: =IF($E10<>"Alış",$F10,0) -> 0 | S10: =IF($B10=$B9,$T9,0) -> 460 | T10: =IF($E10="Alış",$G10,$S10) -> 500 | U10: =$R10*$T10 -> 0 | V10: =IF($B10=$B9,$V9,0)+$H10-$R10 -> 30 | W10: =$V10*$T10 -> 15000 | X10: Reçete maliyeti, bu satırdan sonra son alış birim fiyatını kullanır; stok değeri teoriktir.
A11: 6 | B11: ET001 | C11: Dana eti | D11: 46025.882 | E11: Tüketim | F11: 18 | H11: =IF($E11="Alış",$F11,0) -> 0 | R11: =IF($E11<>"Alış",$F11,0) -> 18 | S11: =IF($B11=$B10,$T10,0) -> 500 | T11: =IF($E11="Alış",$G11,$S11) -> 500 | U11: =$R11*$T11 -> 9000 | V11: =IF($B11=$B10,$V10,0)+$H11-$R11 -> 12 | W11: =$V11*$T11 -> 6000 | X11: Reçete maliyeti, bu satırdan sonra son alış birim fiyatını kullanır; stok değeri teoriktir.
A12: 7 | B12: ET001 | C12: Dana eti | D12: 46026.458 | E12: Fire | F12: 1 | H12: =IF($E12="Alış",$F12,0) -> 0 | R12: =IF($E12<>"Alış",$F12,0) -> 1 | S12: =IF($B12=$B11,$T11,0) -> 500 | T12: =IF($E12="Alış",$G12,$S12) -> 500 | U12: =$R12*$T12 -> 500 | V12: =IF($B12=$B11,$V11,0)+$H12-$R12 -> 11 | W12: =$V12*$T12 -> 5500 | X12: Reçete maliyeti, bu satırdan sonra son alış birim fiyatını kullanır; stok değeri teoriktir.

Sheet 05_Buyuk_Data_Rehberi
A1: Büyük Data Formülasyon Rehberi
A2: Milyonlarca stok hareketinde amaç, her satışta bütün geçmişi tekrar taramak değil; ürün bazlı güncel durum/snapshot üretmektir.
A4: 1. Veri modeli
A5: Not | B5: Hareket tablosu append-only olmalı: HareketID, TarihSaat, Şube/Depo, MalzemeID, HareketTipi, Miktar, Birim, AlışBirimFiyat, ParaBirimi, Kur, BelgeNo.
A6: Not | B6: MalzemeID ve birim dönüşümü sabit olmalı. kg, gram, litre gibi reçete birimleri alış birimine çevrilmeden maliyet doğru hesaplanmaz.
A7: Not | B7: Sıralama anahtarı: MalzemeID + Şube/Depo + TarihSaat + HareketID. Aynı saniyede birden fazla kayıt varsa HareketID kesin sıra verir.
A9: 2. Ağırlıklı Ortalama
A10: Not | B10: Tutulan state: StokMiktarı(Q), StokTutarı(V), AnlıkBirimMaliyet(C).
A11: Not | B11: Alışta: Q=Q+AlışMiktarı; V=V+AlışMiktarı*AlışFiyatı; C=V/Q.
A12: Not | B12: Çıkışta: ÇıkışMaliyeti=ÇıkışMiktarı*C_önceki; Q=Q-ÇıkışMiktarı; V=V-ÇıkışMaliyeti; C=V/Q.
A14: 3. FIFO
A15: Not | B15: Tutulan state: açık alış lotları kuyruğu. Her lotta MalzemeID, KalanMiktar, BirimFiyat, GirişTarihi bulunur.
A16: Not | B16: Çıkışta en eski lotlardan tüketilir. Bir çıkış birden fazla lota bölünebilir; maliyet her parçanın miktar*fiyat toplamıdır.
A17: Not | B17: Analitik formül: KullanılanMiktar_lot=max(0, min(ÇıkışSonrası, LotEnd)-max(ÇıkışÖncesi, LotStart)).
A19: 4. Son Alış Fiyatı
A20: Not | B20: Tutulan state: ürün bazında LastPurchasePrice. Her alış faturası geldiğinde güncellenir.
A21: Not | B21: Çıkışta: ÇıkışMaliyeti=ÇıkışMiktarı*LastPurchasePrice. Reçete maliyeti de aynı cari fiyatı okur.
A22: Not | B22: En kolay ölçeklenen yöntemdir; ancak stok defterindeki fiili maliyetle teorik yenileme maliyeti ayrıştırılmalıdır.
A24: 5. Excel performansı
A25: Not | B25: Excel satır limiti 1.048.576'dır. Bu sınırı aşan veride ham hareketler SQL/BigQuery/PostgreSQL/DataConnect gibi bir yerde kalmalı; Excel özet ve kontrol için kullanılmalıdır.
A26: Not | B26: Milyon satirlik Excel'de her satira tum gecmisi taratan arama formulleri yazmak yavastir. Sirali veri + ust satirdan devam eden formul daha iyi olceklenir.
A27: Not | B27: Power Query ile veriyi parçalara ayırıp ürün bazında gruplayın; Power Pivot ölçüleriyle raporlayın. FIFO için uygulama servisinde lot tüketim tablosu üretmek en temiz yoldur.
A29: 6. Kontrol kuralları
A30: Not | B30: Mal kabul faturası sisteme geç girerse, o günkü satış maliyetleri eski fiyatla hesaplanır. Anlık entegrasyon şarttır.
A31: Not | B31: Fire/yield reçetede ayrı ele alınmalıdır. Örneğin net 1 kg kullanılabilir et için %80 yield varsa maliyete esas alış miktarı 1/0,80=1,25 kg olur.
A32: Not | B32: Negatif stok uyarısı kurulmalıdır. Negatif stok, hangi yöntem seçilirse seçilsin maliyeti bozar.
A35: Yöntem | B35: Snapshot/state | C35: Çıkış maliyeti | D35: Büyük veride önerilen işlem
A36: Ağırlıklı Ortalama | B36: Q, V, C | C36: Çıkış*C_önceki | D36: Malzeme bazlı akan bakiye veya günlük snapshot
A37: FIFO | B37: Açık lot kuyruğu | C37: Lot parçalarının miktar*fiyat toplamı | D37: Lot tüketim tablosu; satış satırı gerekirse birden çok lota bölünür
A38: Son Alış | B38: LastPurchasePrice | C38: Çıkış*LastPurchasePrice | D38: Ürün master fiyat alanı; alışta güncelle, satışta oku
A40: Hazırlanma tarihi: 2026-06-11 | Not: Formüller İngilizce Excel fonksiyon adlarıyla yazılır; Türkçe Excel arayüzünde yerel adlarla görüntülenebilir.

Sheet 06_Recete_Maliyeti
A1: Reçete Maliyetine Etkisi
A2: Aynı reçete satırları üç yöntemden gelen cari birim maliyetlerle hesaplanır. Yield/fire etkisi için maliyete esas miktar = net miktar / yield.
A5: MenüKalemi | B5: MalzemeID | C5: Malzeme | D5: NetMiktar | E5: Yield | F5: MaliyeteEsasMiktar | G5: WACBirim | H5: FIFOBirim | I5: SonAlışBirim | J5: WACSatırMaliyeti | K5: FIFOSatırMaliyeti | L5: SonAlışSatırMaliyeti
A6: Izgara Dana Porsiyon | B6: ET001 | C6: Dana eti | D6: 0.25 | E6: 0.8 | F6: =IF($E6=0,0,$D6/$E6) -> 0.3125 | G6: =IFERROR(LOOKUP(2,1/('02_Agirlikli_Ortalama'!$B$6:$B$12=$B6),'02_Agirlikli_Ortalama'!$Q$6:$Q$12),0) -> 472.22222 | H6: =IFERROR(LOOKUP(2,1/('03_FIFO'!$B$6:$B$12=$B6),'03_FIFO'!$Z$6:$Z$12),0) -> -3701.8182 | I6: =IFERROR(LOOKUP(2,1/('04_Son_Alis'!$B$6:$B$12=$B6),'04_Son_Alis'!$T$6:$T$12),0) -> 500 | J6: =$F6*$G6 -> 147.56944 | K6: =$F6*$H6 -> -1156.8182 | L6: =$F6*$I6 -> 156.25
A7: Izgara Dana Porsiyon | B7: UN001 | C7: Un | D7: 0.03 | E7: 1 | F7: =IF($E7=0,0,$D7/$E7) -> 0.03 | G7: =IFERROR(LOOKUP(2,1/('02_Agirlikli_Ortalama'!$B$6:$B$12=$B7),'02_Agirlikli_Ortalama'!$Q$6:$Q$12),0) -> 0 | H7: =IFERROR(LOOKUP(2,1/('03_FIFO'!$B$6:$B$12=$B7),'03_FIFO'!$Z$6:$Z$12),0) -> 0 | I7: =IFERROR(LOOKUP(2,1/('04_Son_Alis'!$B$6:$B$12=$B7),'04_Son_Alis'!$T$6:$T$12),0) -> 0 | J7: =$F7*$G7 -> 0 | K7: =$F7*$H7 -> 0 | L7: =$F7*$I7 -> 0
A8: Kıymalı Pide | B8: ET001 | C8: Dana eti | D8: 0.12 | E8: 0.8 | F8: =IF($E8=0,0,$D8/$E8) -> 0.15 | G8: =IFERROR(LOOKUP(2,1/('02_Agirlikli_Ortalama'!$B$6:$B$12=$B8),'02_Agirlikli_Ortalama'!$Q$6:$Q$12),0) -> 472.22222 | H8: =IFERROR(LOOKUP(2,1/('03_FIFO'!$B$6:$B$12=$B8),'03_FIFO'!$Z$6:$Z$12),0) -> -3701.8182 | I8: =IFERROR(LOOKUP(2,1/('04_Son_Alis'!$B$6:$B$12=$B8),'04_Son_Alis'!$T$6:$T$12),0) -> 500 | J8: =$F8*$G8 -> 70.833333 | K8: =$F8*$H8 -> -555.27273 | L8: =$F8*$I8 -> 75
A9: Kıymalı Pide | B9: UN001 | C9: Un | D9: 0.18 | E9: 1 | F9: =IF($E9=0,0,$D9/$E9) -> 0.18 | G9: =IFERROR(LOOKUP(2,1/('02_Agirlikli_Ortalama'!$B$6:$B$12=$B9),'02_Agirlikli_Ortalama'!$Q$6:$Q$12),0) -> 0 | H9: =IFERROR(LOOKUP(2,1/('03_FIFO'!$B$6:$B$12=$B9),'03_FIFO'!$Z$6:$Z$12),0) -> 0 | I9: =IFERROR(LOOKUP(2,1/('04_Son_Alis'!$B$6:$B$12=$B9),'04_Son_Alis'!$T$6:$T$12),0) -> 0 | J9: =$F9*$G9 -> 0 | K9: =$F9*$H9 -> 0 | L9: =$F9*$I9 -> 0
A13: Menü toplamları
A14: MenüKalemi | B14: WAC Toplam | C14: FIFO Toplam | D14: Son Alış Toplam | E14: Son Alış - WAC Farkı | G14: Reçete notu
A15: Izgara Dana Porsiyon | B15: =SUMIF($A$6:$A$9,$A15,$J$6:$J$9) -> 147.56944 | C15: =SUMIF($A$6:$A$9,$A15,$K$6:$K$9) -> -1156.8182 | D15: =SUMIF($A$6:$A$9,$A15,$L$6:$L$9) -> 156.25 | E15: =$D15-$B15 -> 8.6805556 | G15: Yield örneği: Net 0,250 kg et kullanılacaksa ve temizleme sonrası verim %80 ise maliyete esas miktar 0,250 / 0,80 = 0,3125 kg olur.
A16: Kıymalı Pide | B16: =SUMIF($A$6:$A$9,$A16,$J$6:$J$9) -> 70.833333 | C16: =SUMIF($A$6:$A$9,$A16,$K$6:$K$9) -> -555.27273 | D16: =SUMIF($A$6:$A$9,$A16,$L$6:$L$9) -> 75 | E16: =$D16-$B16 -> 4.1666667 | G16: Bu sayfadaki birim fiyatlar, üç yöntem sayfasındaki son cari birim maliyeti çeker. Excel açıldığında formüller otomatik hesaplanır.
G17: Uyumluluk notu: Recete birim fiyat formulleri eski Excel surumlerinde de calisan LOOKUP mantigiyla yazildi.
A18: Hazırlanma tarihi: 2026-06-11 | Not: Formüller İngilizce Excel fonksiyon adlarıyla yazılır; Türkçe Excel arayüzünde yerel adlarla görüntülenebilir.

Sheet muzo
A1: Ağırlıklı Ortalama Maliyet
A3: Hesaplamalarda ortak kullanılan alanlar | J3: Ağırlıklı Ortalama Hesabı | O3: Fifo Hesabı | S3: Son Fiyat
A5: HareketID | B5: MalzemeID | C5: Malzeme | D5: TarihSaat | E5: HareketTipi | F5: Miktar | G5: AlışBirimFiyat | H5: GirişMiktar | I5: ÇıkışMiktar | J5: ÖncekiStokMiktarı | K5: ÖncekiStokTutarı | L5: ÖncekiBirimMaliyet | M5: GirişTutarı | N5: ÇıkışMaliyeti | O5: Küm.GirişÖncesi | P5: Küm.GirişSonrası | Q5: Küm.ÇıkışÖncesi | R5: Küm.ÇıkışSonrası | S5: ÖncekiSonAlış | T5: StokMiktarı | U5: StokTutarı | V5: AnlıkBirimMaliyet | W5: FIFOÇıkışMaliyeti | X5: StokMiktarı | Y5: FIFOStokTutarı | Z5: FIFOStokBirimMaliyeti | AA5: SonAlışBirimMaliyet | AB5: ÇıkışMaliyeti | AC5: StokMiktarı | AD5: TeorikStokDeğeri
A6: 1 | B6: ET001 | C6: Dana eti | D6: 46023.333 | E6: Alış | F6: 10 | G6: 400 | H6: =IF($E6="Alış",$F6,0) -> 10 | I6: =IF($E6<>"Alış",$F6,0) -> 0 | J6: =IF($B6=$B5,$T5,0) -> 0 | K6: =IF($B6=$B5,$U5,0) -> 0 | L6: =IF($J6=0,0,$K6/$J6) -> 0 | M6: =$H6*$G6 -> 4000 | N6: =$I6*$L6 -> 0 | O6: =IF($B6=$B5,$P5,0) -> 0 | P6: =$O6+$H6 -> 10 | Q6: =IF($B6=$B5,$R5,0) -> 0 | R6: =$Q6+$I6 -> 0 | S6: =IF($B6=$B5,$AA5,0) -> 0 | T6: =$J6+$H6-$I6 -> 10 | U6: =$K6+$M6-$N6 -> 4000 | V6: =IF($T6=0,0,$U6/$T6) -> 400 | W6: =IF($I6=0,0,SUMPRODUCT(($B$6:$B6=$B6)*($H$6:$H6>0)*($G$6:$G6)*(IF($P$6:$P6<$R6,$P$6:$P6,$R6)-IF($O$6:$O6>$Q6,$O$6:$O6,$Q6))*--((IF($P$6:$P6<$R6,$P$6:$P6,$R6)-IF($O$6:$O6>$Q6,$O$6:$O6,$Q6))>0))) -> 0 | X6: =IF($B6=$B5,$X5,0)+$H6-$I6 -> 10 | Y6: =IF($B6=$B5,$Y5,0)+$H6*$G6-$W6 -> 4000 | Z6: =IF($X6=0,0,$Y6/$X6) -> 400 | AA6: =IF($E6="Alış",$G6,$S6) -> 400 | AB6: =$I6*$AA6 -> 0 | AC6: =IF($B6=$B5,$AC5,0)+$H6-$I6 -> 10 | AD6: =$AC6*$AA6 -> 4000
A7: 2 | B7: ET001 | C7: Dana eti | D7: 46023.771 | E7: Tüketim | F7: 3 | H7: =IF($E7="Alış",$F7,0) -> 0 | I7: =IF($E7<>"Alış",$F7,0) -> 3 | J7: =IF($B7=$B6,$T6,0) -> 10 | K7: =IF($B7=$B6,$U6,0) -> 4000 | L7: =IF($J7=0,0,$K7/$J7) -> 400 | M7: =$H7*$G7 -> 0 | N7: =$I7*$L7 -> 1200 | O7: =IF($B7=$B6,$P6,0) -> 10 | P7: =$O7+$H7 -> 10 | Q7: =IF($B7=$B6,$R6,0) -> 0 | R7: =$Q7+$I7 -> 3 | S7: =IF($B7=$B6,$AA6,0) -> 400 | T7: =$J7+$H7-$I7 -> 7 | U7: =$K7+$M7-$N7 -> 2800 | V7: =IF($T7=0,0,$U7/$T7) -> 400 | W7: =IF($I7=0,0,SUMPRODUCT(($B$6:$B7=$B7)*($H$6:$H7>0)*($G$6:$G7)*(IF($P$6:$P7<$R7,$P$6:$P7,$R7)-IF($O$6:$O7>$Q7,$O$6:$O7,$Q7))*--((IF($P$6:$P7<$R7,$P$6:$P7,$R7)-IF($O$6:$O7>$Q7,$O$6:$O7,$Q7))>0))) -> 1200 | X7: =IF($B7=$B6,$X6,0)+$H7-$I7 -> 7 | Y7: =IF($B7=$B6,$Y6,0)+$H7*$G7-$W7 -> 2800 | Z7: =IF($X7=0,0,$Y7/$X7) -> 400 | AA7: =IF($E7="Alış",$G7,$S7) -> 400 | AB7: =$I7*$AA7 -> 1200 | AC7: =IF($B7=$B6,$AC6,0)+$H7-$I7 -> 7 | AD7: =$AC7*$AA7 -> 2800
A8: 3 | B8: ET001 | C8: Dana eti | D8: 46024.385 | E8: Alış | F8: 20 | G8: 460 | H8: =IF($E8="Alış",$F8,0) -> 20 | I8: =IF($E8<>"Alış",$F8,0) -> 0 | J8: =IF($B8=$B7,$T7,0) -> 7 | K8: =IF($B8=$B7,$U7,0) -> 2800 | L8: =IF($J8=0,0,$K8/$J8) -> 400 | M8: =$H8*$G8 -> 9200 | N8: =$I8*$L8 -> 0 | O8: =IF($B8=$B7,$P7,0) -> 10 | P8: =$O8+$H8 -> 30 | Q8: =IF($B8=$B7,$R7,0) -> 3 | R8: =$Q8+$I8 -> 3 | S8: =IF($B8=$B7,$AA7,0) -> 400 | T8: =$J8+$H8-$I8 -> 27 | U8: =$K8+$M8-$N8 -> 12000 | V8: =IF($T8=0,0,$U8/$T8) -> 444.44444 | W8: =IF($I8=0,0,SUMPRODUCT(($B$6:$B8=$B8)*($H$6:$H8>0)*($G$6:$G8)*(IF($P$6:$P8<$R8,$P$6:$P8,$R8)-IF($O$6:$O8>$Q8,$O$6:$O8,$Q8))*--((IF($P$6:$P8<$R8,$P$6:$P8,$R8)-IF($O$6:$O8>$Q8,$O$6:$O8,$Q8))>0))) -> 0 | X8: =IF($B8=$B7,$X7,0)+$H8-$I8 -> 27 | Y8: =IF($B8=$B7,$Y7,0)+$H8*$G8-$W8 -> 12000 | Z8: =IF($X8=0,0,$Y8/$X8) -> 444.44444 | AA8: =IF($E8="Alış",$G8,$S8) -> 460 | AB8: =$I8*$AA8 -> 0 | AC8: =IF($B8=$B7,$AC7,0)+$H8-$I8 -> 27 | AD8: =$AC8*$AA8 -> 12420
A9: 4 | B9: ET001 | C9: Dana eti | D9: 46024.792 | E9: Tüketim | F9: 12 | H9: =IF($E9="Alış",$F9,0) -> 0 | I9: =IF($E9<>"Alış",$F9,0) -> 12 | J9: =IF($B9=$B8,$T8,0) -> 27 | K9: =IF($B9=$B8,$U8,0) -> 12000 | L9: =IF($J9=0,0,$K9/$J9) -> 444.44444 | M9: =$H9*$G9 -> 0 | N9: =$I9*$L9 -> 5333.3333 | O9: =IF($B9=$B8,$P8,0) -> 30 | P9: =$O9+$H9 -> 30 | Q9: =IF($B9=$B8,$R8,0) -> 3 | R9: =$Q9+$I9 -> 15 | S9: =IF($B9=$B8,$AA8,0) -> 460 | T9: =$J9+$H9-$I9 -> 15 | U9: =$K9+$M9-$N9 -> 6666.6667 | V9: =IF($T9=0,0,$U9/$T9) -> 444.44444 | W9: =IF($I9=0,0,SUMPRODUCT(($B$6:$B9=$B9)*($H$6:$H9>0)*($G$6:$G9)*(IF($P$6:$P9<$R9,$P$6:$P9,$R9)-IF($O$6:$O9>$Q9,$O$6:$O9,$Q9))*--((IF($P$6:$P9<$R9,$P$6:$P9,$R9)-IF($O$6:$O9>$Q9,$O$6:$O9,$Q9))>0))) -> 8300 | X9: =IF($B9=$B8,$X8,0)+$H9-$I9 -> 15 | Y9: =IF($B9=$B8,$Y8,0)+$H9*$G9-$W9 -> 3700 | Z9: =IF($X9=0,0,$Y9/$X9) -> 246.66667 | AA9: =IF($E9="Alış",$G9,$S9) -> 460 | AB9: =$I9*$AA9 -> 5520 | AC9: =IF($B9=$B8,$AC8,0)+$H9-$I9 -> 15 | AD9: =$AC9*$AA9 -> 6900
A10: 5 | B10: ET001 | C10: Dana eti | D10: 46025.389 | E10: Alış | F10: 15 | G10: 500 | H10: =IF($E10="Alış",$F10,0) -> 15 | I10: =IF($E10<>"Alış",$F10,0) -> 0 | J10: =IF($B10=$B9,$T9,0) -> 15 | K10: =IF($B10=$B9,$U9,0) -> 6666.6667 | L10: =IF($J10=0,0,$K10/$J10) -> 444.44444 | M10: =$H10*$G10 -> 7500 | N10: =$I10*$L10 -> 0 | O10: =IF($B10=$B9,$P9,0) -> 30 | P10: =$O10+$H10 -> 45 | Q10: =IF($B10=$B9,$R9,0) -> 15 | R10: =$Q10+$I10 -> 15 | S10: =IF($B10=$B9,$AA9,0) -> 460 | T10: =$J10+$H10-$I10 -> 30 | U10: =$K10+$M10-$N10 -> 14166.667 | V10: =IF($T10=0,0,$U10/$T10) -> 472.22222 | W10: =IF($I10=0,0,SUMPRODUCT(($B$6:$B10=$B10)*($H$6:$H10>0)*($G$6:$G10)*(IF($P$6:$P10<$R10,$P$6:$P10,$R10)-IF($O$6:$O10>$Q10,$O$6:$O10,$Q10))*--((IF($P$6:$P10<$R10,$P$6:$P10,$R10)-IF($O$6:$O10>$Q10,$O$6:$O10,$Q10))>0))) -> 0 | X10: =IF($B10=$B9,$X9,0)+$H10-$I10 -> 30 | Y10: =IF($B10=$B9,$Y9,0)+$H10*$G10-$W10 -> 11200 | Z10: =IF($X10=0,0,$Y10/$X10) -> 373.33333 | AA10: =IF($E10="Alış",$G10,$S10) -> 500 | AB10: =$I10*$AA10 -> 0 | AC10: =IF($B10=$B9,$AC9,0)+$H10-$I10 -> 30 | AD10: =$AC10*$AA10 -> 15000
A11: 6 | B11: ET001 | C11: Dana eti | D11: 46025.882 | E11: Tüketim | F11: 18 | H11: =IF($E11="Alış",$F11,0) -> 0 | I11: =IF($E11<>"Alış",$F11,0) -> 18 | J11: =IF($B11=$B10,$T10,0) -> 30 | K11: =IF($B11=$B10,$U10,0) -> 14166.667 | L11: =IF($J11=0,0,$K11/$J11) -> 472.22222 | M11: =$H11*$G11 -> 0 | N11: =$I11*$L11 -> 8500 | O11: =IF($B11=$B10,$P10,0) -> 45 | P11: =$O11+$H11 -> 45 | Q11: =IF($B11=$B10,$R10,0) -> 15 | R11: =$Q11+$I11 -> 33 | S11: =IF($B11=$B10,$AA10,0) -> 500 | T11: =$J11+$H11-$I11 -> 12 | U11: =$K11+$M11-$N11 -> 5666.6667 | V11: =IF($T11=0,0,$U11/$T11) -> 472.22222 | W11: =IF($I11=0,0,SUMPRODUCT(($B$6:$B11=$B11)*($H$6:$H11>0)*($G$6:$G11)*(IF($P$6:$P11<$R11,$P$6:$P11,$R11)-IF($O$6:$O11>$Q11,$O$6:$O11,$Q11))*--((IF($P$6:$P11<$R11,$P$6:$P11,$R11)-IF($O$6:$O11>$Q11,$O$6:$O11,$Q11))>0))) -> 25280 | X11: =IF($B11=$B10,$X10,0)+$H11-$I11 -> 12 | Y11: =IF($B11=$B10,$Y10,0)+$H11*$G11-$W11 -> -14080 | Z11: =IF($X11=0,0,$Y11/$X11) -> -1173.3333 | AA11: =IF($E11="Alış",$G11,$S11) -> 500 | AB11: =$I11*$AA11 -> 9000 | AC11: =IF($B11=$B10,$AC10,0)+$H11-$I11 -> 12 | AD11: =$AC11*$AA11 -> 6000
A12: 7 | B12: ET001 | C12: Dana eti | D12: 46026.458 | E12: Fire | F12: 1 | H12: =IF($E12="Alış",$F12,0) -> 0 | I12: =IF($E12<>"Alış",$F12,0) -> 1 | J12: =IF($B12=$B11,$T11,0) -> 12 | K12: =IF($B12=$B11,$U11,0) -> 5666.6667 | L12: =IF($J12=0,0,$K12/$J12) -> 472.22222 | M12: =$H12*$G12 -> 0 | N12: =$I12*$L12 -> 472.22222 | O12: =IF($B12=$B11,$P11,0) -> 45 | P12: =$O12+$H12 -> 45 | Q12: =IF($B12=$B11,$R11,0) -> 33 | R12: =$Q12+$I12 -> 34 | S12: =IF($B12=$B11,$AA11,0) -> 500 | T12: =$J12+$H12-$I12 -> 11 | U12: =$K12+$M12-$N12 -> 5194.4444 | V12: =IF($T12=0,0,$U12/$T12) -> 472.22222 | W12: =IF($I12=0,0,SUMPRODUCT(($B$6:$B12=$B12)*($H$6:$H12>0)*($G$6:$G12)*(IF($P$6:$P12<$R12,$P$6:$P12,$R12)-IF($O$6:$O12>$Q12,$O$6:$O12,$Q12))*--((IF($P$6:$P12<$R12,$P$6:$P12,$R12)-IF($O$6:$O12>$Q12,$O$6:$O12,$Q12))>0))) -> 26640 | X12: =IF($B12=$B11,$X11,0)+$H12-$I12 -> 11 | Y12: =IF($B12=$B11,$Y11,0)+$H12*$G12-$W12 -> -40720 | Z12: =IF($X12=0,0,$Y12/$X12) -> -3701.8182 | AA12: =IF($E12="Alış",$G12,$S12) -> 500 | AB12: =$I12*$AA12 -> 500 | AC12: =IF($B12=$B11,$AC11,0)+$H12-$I12 -> 11 | AD12: =$AC12*$AA12 -> 5500
