Workbook

Sheet 00_Ozet
A1: Restoran Anlık Maliyet Yöntemleri
A2: Ağırlıklı Ortalama, FIFO ve Son Alış Fiyatı yöntemlerinin büyük veri mantığıyla formülleştirilmiş Excel çalışma kitabı.
A4: Dosyanın amacı
A5: Bir hammaddenin farklı fiyatlardan tekrar tekrar satın alındığı restoran yapısında, stoktan çıkan miktarın hangi birim maliyetle değerleneceğini göstermek. Büyük datada kritik nokta; her hareketi tek bir log tablosunda tutmak, satırları MalzemeID + TarihSaat + HareketID sırasına sokmak ve hesaplamayı ürün bazlı akan bakiye olarak yapmaktır.
A9: Yöntem | B9: Ana mantık | C9: Formül özeti | D9: Büyük veride uygulama | E9: Restoran yorumu
A10: Ağırlıklı Ortalama | B10: Depoda kalan stok tutarı / depoda kalan miktar = tek cari birim maliyet. | C10: Q_t = Q_(t-1)+Giriş-Çıkış; V_t = V_(t-1)+AlışTutarı-Çıkış*ÖncekiOrtalama; C_t = V_t/Q_t | D10: Ürün bazında sıralı hareket akışı ve sadece üst satırdan gelen stok/tutar. Çok büyük hacimde günlük snapshot tablosu kullanılır. | E10: Restoran için genelde en dengeli yöntem; porsiyon maliyetini ani sıçramadan korur.
A11: FIFO | B11: İlk alınan parti önce tüketilmiş kabul edilir. Her alış bir maliyet katmanıdır. | C11: Çıkış maliyeti = SUM(partiden kullanılan miktar * parti fiyatı). Kullanım miktarı kümülatif giriş/çıkış aralığı kesişimidir. | D11: Büyük veride açık FIFO lot kuyruğu, lot başlangıç/bitiş kümülatifi ve parti tüketim tablosu tutulur. | E11: Fiziki gıda akışına uyar; aynı gün içinde maliyet sıçraması yaratabilir.
A12: Son Alış Fiyatı | B12: Anlık maliyet, depodaki karışım ne olursa olsun en son fatura fiyatıdır. | C12: C_t = Alış varsa AlışBirimFiyat, yoksa C_(t-1); Çıkış maliyeti = Çıkış * C_t | D12: Ürün master/snapshot tablosunda LastPurchasePrice güncellenir; satış ve reçete maliyetleri bunu okur. | E12: Enflasyonist ortamda korumacı fiyatlama sağlar; stok değerini olduğundan yüksek gösterebilir.
A15: Dosya yapısı
A16: 01_Ham_Veri | B16: Tek hareket logu: alış, tüketim, fire ve belge bilgileri.
A17: 02_Agirlikli_Ortalama | B17: Canlı satır formülleriyle ağırlıklı ortalama maliyet.
A18: 03_FIFO | B18: Kümülatif aralık mantığıyla FIFO çıkış maliyeti.
A19: 04_Son_Alis | B19: Son fatura fiyatı üzerinden maliyetleme.
A20: 05_Buyuk_Data_Rehberi | B20: Milyonlarca satır için veri modeli, formül ve performans notları.
A21: 06_Recete_Maliyeti | B21: Yöntemlerin menü/reçete maliyetine etkisi.
A23: Hazırlanma tarihi: 2026-06-11 | Not: Formüller İngilizce Excel fonksiyon adlarıyla yazılır; Türkçe Excel arayüzünde yerel adlarla görüntülenebilir.

Sheet 01_Ham_Veri
A1: Ham Veri Şablonu
A2: Büyük veride bu sayfa mantığı tek kaynak hareket logudur. Her satır bir stok hareketidir; silmek yerine düzeltme/iptal hareketi eklenir.
A5: HareketID | B5: TarihSaat | C5: MalzemeID | D5: Malzeme | E5: Birim | F5: HareketTipi | G5: Miktar | H5: AlışBirimFiyat | I5: BelgeNo | J5: Not | L5: Okuma notu
A6: 1 | B6: 46023.333 | C6: ET001 | D6: Dana eti | E6: kg | F6: Alış | G6: 10 | H6: 400 | I6: FAT-001 | J6: İlk alım | L6: Zorunlu sıralama: MalzemeID + TarihSaat + HareketID. Üç yöntem de aynı sıralı hareket akışından beslenir.
A7: 2 | B7: 46023.771 | C7: ET001 | D7: Dana eti | E7: kg | F7: Tüketim | G7: 3 | I7: POS-001 | J7: Reçete tüketimi | L7: Alış satırında miktar ve alış birim fiyatı dolu olur. Tüketim/fire satırında fiyat boş bırakılır; maliyet seçilen yönteme göre hesaplanır.
A8: 3 | B8: 46024.385 | C8: ET001 | D8: Dana eti | E8: kg | F8: Alış | G8: 20 | H8: 460 | I8: FAT-002 | J8: Yeni fiyat | L8: Çok büyük datada bu tablo Excel yerine veritabanında tutulabilir; Excel sadece model, rapor veya doğrulama katmanı olur.
A9: 4 | B9: 46024.792 | C9: ET001 | D9: Dana eti | E9: kg | F9: Tüketim | G9: 12 | I9: POS-002 | J9: Yoğun servis
A10: 5 | B10: 46025.389 | C10: ET001 | D10: Dana eti | E10: kg | F10: Alış | G10: 15 | H10: 500 | I10: FAT-003 | J10: Fiyat artışı
A11: 6 | B11: 46025.882 | C11: ET001 | D11: Dana eti | E11: kg | F11: Tüketim | G11: 18 | I11: POS-003 | J11: Reçete tüketimi
A12: 7 | B12: 46026.458 | C12: ET001 | D12: Dana eti | E12: kg | F12: Fire | G12: 1 | I12: FIRE-001 | J12: Temizleme firesi
A13: 8 | B13: 46023.312 | C13: UN001 | D13: Un | E13: kg | F13: Alış | G13: 50 | H13: 18 | I13: FAT-010 | J13: İlk alım
A14: 9 | B14: 46023.833 | C14: UN001 | D14: Un | E14: kg | F14: Tüketim | G14: 12 | I14: POS-010 | J14: Hamur üretimi
A15: 10 | B15: 46024.319 | C15: UN001 | D15: Un | E15: kg | F15: Alış | G15: 60 | H15: 21 | I15: FAT-011 | J15: Yeni fiyat
A16: 11 | B16: 46024.875 | C16: UN001 | D16: Un | E16: kg | F16: Tüketim | G16: 40 | I16: POS-011 | J16: Hamur üretimi
A17: 12 | B17: 46025.34 | C17: UN001 | D17: Un | E17: kg | F17: Alış | G17: 40 | H17: 24 | I17: FAT-012 | J17: Fiyat artışı
A18: 13 | B18: 46026.854 | C18: UN001 | D18: Un | E18: kg | F18: Tüketim | G18: 55 | I18: POS-012 | J18: Hamur üretimi
A19: 14 | B19: 46027.417 | C19: UN001 | D19: Un | E19: kg | F19: Fire | G19: 2 | I19: FIRE-010 | J19: Dökülme/fire
A21: Hazırlanma tarihi: 2026-06-11 | Not: Formüller İngilizce Excel fonksiyon adlarıyla yazılır; Türkçe Excel arayüzünde yerel adlarla görüntülenebilir.

Sheet 02_Agirlikli_Ortalama
A1: Ağırlıklı Ortalama Maliyet
A2: Restoranlar için genelde en dengeli yöntem. Formüller, aynı malzemede üst satırdaki stok miktarı ve stok tutarından devam eder.
A3: Büyük veri formülü: Q_t=Q_(t-1)+Giriş-Çıkış | V_t=V_(t-1)+GirişTutarı-Çıkış*ÖncekiBirimMaliyet | C_t=V_t/Q_t
A5: HareketID | B5: MalzemeID | C5: Malzeme | D5: TarihSaat | E5: HareketTipi | F5: Miktar | G5: AlışBirimFiyat | H5: GirişMiktar | I5: ÇıkışMiktar | J5: ÖncekiStokMiktarı | K5: ÖncekiStokTutarı | L5: ÖncekiBirimMaliyet | M5: GirişTutarı | N5: ÇıkışMaliyeti | O5: StokMiktarı | P5: StokTutarı | Q5: AnlıkBirimMaliyet | R5: Formül mantığı
A6: 1 | B6: ET001 | C6: Dana eti | D6: 46023.333 | E6: Alış | F6: 10 | G6: 400 | H6: =IF($E6="Alış",$F6,0) | I6: =IF($E6<>"Alış",$F6,0) | J6: =IF($B6=$B5,$O5,0) | K6: =IF($B6=$B5,$P5,0) | L6: =IF($J6=0,0,$K6/$J6) | M6: =$H6*$G6 | N6: =$I6*$L6 | O6: =$J6+$H6-$I6 | P6: =$K6+$M6-$N6 | Q6: =IF($O6=0,0,$P6/$O6) | R6: Ortalama maliyet stok tutarı / stok miktarıdır; çıkışlar önceki ortalama ile düşer.
A7: 2 | B7: ET001 | C7: Dana eti | D7: 46023.771 | E7: Tüketim | F7: 3 | H7: =IF($E7="Alış",$F7,0) | I7: =IF($E7<>"Alış",$F7,0) | J7: =IF($B7=$B6,$O6,0) | K7: =IF($B7=$B6,$P6,0) | L7: =IF($J7=0,0,$K7/$J7) | M7: =$H7*$G7 | N7: =$I7*$L7 | O7: =$J7+$H7-$I7 | P7: =$K7+$M7-$N7 | Q7: =IF($O7=0,0,$P7/$O7) | R7: Ortalama maliyet stok tutarı / stok miktarıdır; çıkışlar önceki ortalama ile düşer.
A8: 3 | B8: ET001 | C8: Dana eti | D8: 46024.385 | E8: Alış | F8: 20 | G8: 460 | H8: =IF($E8="Alış",$F8,0) | I8: =IF($E8<>"Alış",$F8,0) | J8: =IF($B8=$B7,$O7,0) | K8: =IF($B8=$B7,$P7,0) | L8: =IF($J8=0,0,$K8/$J8) | M8: =$H8*$G8 | N8: =$I8*$L8 | O8: =$J8+$H8-$I8 | P8: =$K8+$M8-$N8 | Q8: =IF($O8=0,0,$P8/$O8) | R8: Ortalama maliyet stok tutarı / stok miktarıdır; çıkışlar önceki ortalama ile düşer.
A9: 4 | B9: ET001 | C9: Dana eti | D9: 46024.792 | E9: Tüketim | F9: 12 | H9: =IF($E9="Alış",$F9,0) | I9: =IF($E9<>"Alış",$F9,0) | J9: =IF($B9=$B8,$O8,0) | K9: =IF($B9=$B8,$P8,0) | L9: =IF($J9=0,0,$K9/$J9) | M9: =$H9*$G9 | N9: =$I9*$L9 | O9: =$J9+$H9-$I9 | P9: =$K9+$M9-$N9 | Q9: =IF($O9=0,0,$P9/$O9) | R9: Ortalama maliyet stok tutarı / stok miktarıdır; çıkışlar önceki ortalama ile düşer.
A10: 5 | B10: ET001 | C10: Dana eti | D10: 46025.389 | E10: Alış | F10: 15 | G10: 500 | H10: =IF($E10="Alış",$F10,0) | I10: =IF($E10<>"Alış",$F10,0) | J10: =IF($B10=$B9,$O9,0) | K10: =IF($B10=$B9,$P9,0) | L10: =IF($J10=0,0,$K10/$J10) | M10: =$H10*$G10 | N10: =$I10*$L10 | O10: =$J10+$H10-$I10 | P10: =$K10+$M10-$N10 | Q10: =IF($O10=0,0,$P10/$O10) | R10: Ortalama maliyet stok tutarı / stok miktarıdır; çıkışlar önceki ortalama ile düşer.
A11: 6 | B11: ET001 | C11: Dana eti | D11: 46025.882 | E11: Tüketim | F11: 18 | H11: =IF($E11="Alış",$F11,0) | I11: =IF($E11<>"Alış",$F11,0) | J11: =IF($B11=$B10,$O10,0) | K11: =IF($B11=$B10,$P10,0) | L11: =IF($J11=0,0,$K11/$J11) | M11: =$H11*$G11 | N11: =$I11*$L11 | O11: =$J11+$H11-$I11 | P11: =$K11+$M11-$N11 | Q11: =IF($O11=0,0,$P11/$O11) | R11: Ortalama maliyet stok tutarı / stok miktarıdır; çıkışlar önceki ortalama ile düşer.
A12: 7 | B12: ET001 | C12: Dana eti | D12: 46026.458 | E12: Fire | F12: 1 | H12: =IF($E12="Alış",$F12,0) | I12: =IF($E12<>"Alış",$F12,0) | J12: =IF($B12=$B11,$O11,0) | K12: =IF($B12=$B11,$P11,0) | L12: =IF($J12=0,0,$K12/$J12) | M12: =$H12*$G12 | N12: =$I12*$L12 | O12: =$J12+$H12-$I12 | P12: =$K12+$M12-$N12 | Q12: =IF($O12=0,0,$P12/$O12) | R12: Ortalama maliyet stok tutarı / stok miktarıdır; çıkışlar önceki ortalama ile düşer.
A13: 8 | B13: UN001 | C13: Un | D13: 46023.312 | E13: Alış | F13: 50 | G13: 18 | H13: =IF($E13="Alış",$F13,0) | I13: =IF($E13<>"Alış",$F13,0) | J13: =IF($B13=$B12,$O12,0) | K13: =IF($B13=$B12,$P12,0) | L13: =IF($J13=0,0,$K13/$J13) | M13: =$H13*$G13 | N13: =$I13*$L13 | O13: =$J13+$H13-$I13 | P13: =$K13+$M13-$N13 | Q13: =IF($O13=0,0,$P13/$O13) | R13: Ortalama maliyet stok tutarı / stok miktarıdır; çıkışlar önceki ortalama ile düşer.
A14: 9 | B14: UN001 | C14: Un | D14: 46023.833 | E14: Tüketim | F14: 12 | H14: =IF($E14="Alış",$F14,0) | I14: =IF($E14<>"Alış",$F14,0) | J14: =IF($B14=$B13,$O13,0) | K14: =IF($B14=$B13,$P13,0) | L14: =IF($J14=0,0,$K14/$J14) | M14: =$H14*$G14 | N14: =$I14*$L14 | O14: =$J14+$H14-$I14 | P14: =$K14+$M14-$N14 | Q14: =IF($O14=0,0,$P14/$O14) | R14: Ortalama maliyet stok tutarı / stok miktarıdır; çıkışlar önceki ortalama ile düşer.
A15: 10 | B15: UN001 | C15: Un | D15: 46024.319 | E15: Alış | F15: 60 | G15: 21 | H15: =IF($E15="Alış",$F15,0) | I15: =IF($E15<>"Alış",$F15,0) | J15: =IF($B15=$B14,$O14,0) | K15: =IF($B15=$B14,$P14,0) | L15: =IF($J15=0,0,$K15/$J15) | M15: =$H15*$G15 | N15: =$I15*$L15 | O15: =$J15+$H15-$I15 | P15: =$K15+$M15-$N15 | Q15: =IF($O15=0,0,$P15/$O15) | R15: Ortalama maliyet stok tutarı / stok miktarıdır; çıkışlar önceki ortalama ile düşer.
A16: 11 | B16: UN001 | C16: Un | D16: 46024.875 | E16: Tüketim | F16: 40 | H16: =IF($E16="Alış",$F16,0) | I16: =IF($E16<>"Alış",$F16,0) | J16: =IF($B16=$B15,$O15,0) | K16: =IF($B16=$B15,$P15,0) | L16: =IF($J16=0,0,$K16/$J16) | M16: =$H16*$G16 | N16: =$I16*$L16 | O16: =$J16+$H16-$I16 | P16: =$K16+$M16-$N16 | Q16: =IF($O16=0,0,$P16/$O16) | R16: Ortalama maliyet stok tutarı / stok miktarıdır; çıkışlar önceki ortalama ile düşer.
A17: 12 | B17: UN001 | C17: Un | D17: 46025.34 | E17: Alış | F17: 40 | G17: 24 | H17: =IF($E17="Alış",$F17,0) | I17: =IF($E17<>"Alış",$F17,0) | J17: =IF($B17=$B16,$O16,0) | K17: =IF($B17=$B16,$P16,0) | L17: =IF($J17=0,0,$K17/$J17) | M17: =$H17*$G17 | N17: =$I17*$L17 | O17: =$J17+$H17-$I17 | P17: =$K17+$M17-$N17 | Q17: =IF($O17=0,0,$P17/$O17) | R17: Ortalama maliyet stok tutarı / stok miktarıdır; çıkışlar önceki ortalama ile düşer.
A18: 13 | B18: UN001 | C18: Un | D18: 46026.854 | E18: Tüketim | F18: 55 | H18: =IF($E18="Alış",$F18,0) | I18: =IF($E18<>"Alış",$F18,0) | J18: =IF($B18=$B17,$O17,0) | K18: =IF($B18=$B17,$P17,0) | L18: =IF($J18=0,0,$K18/$J18) | M18: =$H18*$G18 | N18: =$I18*$L18 | O18: =$J18+$H18-$I18 | P18: =$K18+$M18-$N18 | Q18: =IF($O18=0,0,$P18/$O18) | R18: Ortalama maliyet stok tutarı / stok miktarıdır; çıkışlar önceki ortalama ile düşer.
A19: 14 | B19: UN001 | C19: Un | D19: 46027.417 | E19: Fire | F19: 2 | H19: =IF($E19="Alış",$F19,0) | I19: =IF($E19<>"Alış",$F19,0) | J19: =IF($B19=$B18,$O18,0) | K19: =IF($B19=$B18,$P18,0) | L19: =IF($J19=0,0,$K19/$J19) | M19: =$H19*$G19 | N19: =$I19*$L19 | O19: =$J19+$H19-$I19 | P19: =$K19+$M19-$N19 | Q19: =IF($O19=0,0,$P19/$O19) | R19: Ortalama maliyet stok tutarı / stok miktarıdır; çıkışlar önceki ortalama ile düşer.
A21: Hazırlanma tarihi: 2026-06-11 | Not: Formüller İngilizce Excel fonksiyon adlarıyla yazılır; Türkçe Excel arayüzünde yerel adlarla görüntülenebilir.

Sheet 03_FIFO
A1: FIFO - İlk Giren İlk Çıkar
A2: Her alış bir maliyet katmanıdır. Çıkış maliyeti, tüketim aralığının alış katmanlarıyla kesişimine göre hesaplanır.
A3: Büyük veri formülü: KullanılanMiktar=max(0,min(ÇıkışSonrası,LotEnd)-max(ÇıkışÖncesi,LotStart)).
A5: HareketID | B5: MalzemeID | C5: Malzeme | D5: TarihSaat | E5: HareketTipi | F5: Miktar | G5: AlışBirimFiyat | H5: GirişMiktar | I5: ÇıkışMiktar | J5: Küm.GirişÖncesi | K5: Küm.GirişSonrası | L5: Küm.ÇıkışÖncesi | M5: Küm.ÇıkışSonrası | N5: FIFOÇıkışMaliyeti | O5: StokMiktarı | P5: FIFOStokTutarı | Q5: FIFOStokBirimMaliyeti | R5: Formül mantığı
A6: 1 | B6: ET001 | C6: Dana eti | D6: 46023.333 | E6: Alış | F6: 10 | G6: 400 | H6: =IF($E6="Alış",$F6,0) | I6: =IF($E6<>"Alış",$F6,0) | J6: =IF($B6=$B5,$K5,0) | K6: =$J6+$H6 | L6: =IF($B6=$B5,$M5,0) | M6: =$L6+$I6 | N6: =IF($I6=0,0,SUMPRODUCT(($B$6:$B6=$B6)*($H$6:$H6>0)*($G$6:$G6)*(IF($K$6:$K6<$M6,$K$6:$K6,$M6)-IF($J$6:$J6>$L6,$J$6:$J6,$L6))*--((IF($K$6:$K6<$M6,$K$6:$K6,$M6)-IF($J$6:$J6>$L6,$J$6:$J6,$L6))>0))) | O6: =IF($B6=$B5,$O5,0)+$H6-$I6 | P6: =IF($B6=$B5,$P5,0)+$H6*$G6-$N6 | Q6: =IF($O6=0,0,$P6/$O6) | R6: FIFO maliyeti, çıkışın kümülatif tüketim aralığı ile alış katmanlarının kümülatif giriş aralığı kesiştirilerek bulunur.
A7: 2 | B7: ET001 | C7: Dana eti | D7: 46023.771 | E7: Tüketim | F7: 3 | H7: =IF($E7="Alış",$F7,0) | I7: =IF($E7<>"Alış",$F7,0) | J7: =IF($B7=$B6,$K6,0) | K7: =$J7+$H7 | L7: =IF($B7=$B6,$M6,0) | M7: =$L7+$I7 | N7: =IF($I7=0,0,SUMPRODUCT(($B$6:$B7=$B7)*($H$6:$H7>0)*($G$6:$G7)*(IF($K$6:$K7<$M7,$K$6:$K7,$M7)-IF($J$6:$J7>$L7,$J$6:$J7,$L7))*--((IF($K$6:$K7<$M7,$K$6:$K7,$M7)-IF($J$6:$J7>$L7,$J$6:$J7,$L7))>0))) | O7: =IF($B7=$B6,$O6,0)+$H7-$I7 | P7: =IF($B7=$B6,$P6,0)+$H7*$G7-$N7 | Q7: =IF($O7=0,0,$P7/$O7) | R7: FIFO maliyeti, çıkışın kümülatif tüketim aralığı ile alış katmanlarının kümülatif giriş aralığı kesiştirilerek bulunur.
A8: 3 | B8: ET001 | C8: Dana eti | D8: 46024.385 | E8: Alış | F8: 20 | G8: 460 | H8: =IF($E8="Alış",$F8,0) | I8: =IF($E8<>"Alış",$F8,0) | J8: =IF($B8=$B7,$K7,0) | K8: =$J8+$H8 | L8: =IF($B8=$B7,$M7,0) | M8: =$L8+$I8 | N8: =IF($I8=0,0,SUMPRODUCT(($B$6:$B8=$B8)*($H$6:$H8>0)*($G$6:$G8)*(IF($K$6:$K8<$M8,$K$6:$K8,$M8)-IF($J$6:$J8>$L8,$J$6:$J8,$L8))*--((IF($K$6:$K8<$M8,$K$6:$K8,$M8)-IF($J$6:$J8>$L8,$J$6:$J8,$L8))>0))) | O8: =IF($B8=$B7,$O7,0)+$H8-$I8 | P8: =IF($B8=$B7,$P7,0)+$H8*$G8-$N8 | Q8: =IF($O8=0,0,$P8/$O8) | R8: FIFO maliyeti, çıkışın kümülatif tüketim aralığı ile alış katmanlarının kümülatif giriş aralığı kesiştirilerek bulunur.
A9: 4 | B9: ET001 | C9: Dana eti | D9: 46024.792 | E9: Tüketim | F9: 12 | H9: =IF($E9="Alış",$F9,0) | I9: =IF($E9<>"Alış",$F9,0) | J9: =IF($B9=$B8,$K8,0) | K9: =$J9+$H9 | L9: =IF($B9=$B8,$M8,0) | M9: =$L9+$I9 | N9: =IF($I9=0,0,SUMPRODUCT(($B$6:$B9=$B9)*($H$6:$H9>0)*($G$6:$G9)*(IF($K$6:$K9<$M9,$K$6:$K9,$M9)-IF($J$6:$J9>$L9,$J$6:$J9,$L9))*--((IF($K$6:$K9<$M9,$K$6:$K9,$M9)-IF($J$6:$J9>$L9,$J$6:$J9,$L9))>0))) | O9: =IF($B9=$B8,$O8,0)+$H9-$I9 | P9: =IF($B9=$B8,$P8,0)+$H9*$G9-$N9 | Q9: =IF($O9=0,0,$P9/$O9) | R9: FIFO maliyeti, çıkışın kümülatif tüketim aralığı ile alış katmanlarının kümülatif giriş aralığı kesiştirilerek bulunur.
A10: 5 | B10: ET001 | C10: Dana eti | D10: 46025.389 | E10: Alış | F10: 15 | G10: 500 | H10: =IF($E10="Alış",$F10,0) | I10: =IF($E10<>"Alış",$F10,0) | J10: =IF($B10=$B9,$K9,0) | K10: =$J10+$H10 | L10: =IF($B10=$B9,$M9,0) | M10: =$L10+$I10 | N10: =IF($I10=0,0,SUMPRODUCT(($B$6:$B10=$B10)*($H$6:$H10>0)*($G$6:$G10)*(IF($K$6:$K10<$M10,$K$6:$K10,$M10)-IF($J$6:$J10>$L10,$J$6:$J10,$L10))*--((IF($K$6:$K10<$M10,$K$6:$K10,$M10)-IF($J$6:$J10>$L10,$J$6:$J10,$L10))>0))) | O10: =IF($B10=$B9,$O9,0)+$H10-$I10 | P10: =IF($B10=$B9,$P9,0)+$H10*$G10-$N10 | Q10: =IF($O10=0,0,$P10/$O10) | R10: FIFO maliyeti, çıkışın kümülatif tüketim aralığı ile alış katmanlarının kümülatif giriş aralığı kesiştirilerek bulunur.
A11: 6 | B11: ET001 | C11: Dana eti | D11: 46025.882 | E11: Tüketim | F11: 18 | H11: =IF($E11="Alış",$F11,0) | I11: =IF($E11<>"Alış",$F11,0) | J11: =IF($B11=$B10,$K10,0) | K11: =$J11+$H11 | L11: =IF($B11=$B10,$M10,0) | M11: =$L11+$I11 | N11: =IF($I11=0,0,SUMPRODUCT(($B$6:$B11=$B11)*($H$6:$H11>0)*($G$6:$G11)*(IF($K$6:$K11<$M11,$K$6:$K11,$M11)-IF($J$6:$J11>$L11,$J$6:$J11,$L11))*--((IF($K$6:$K11<$M11,$K$6:$K11,$M11)-IF($J$6:$J11>$L11,$J$6:$J11,$L11))>0))) | O11: =IF($B11=$B10,$O10,0)+$H11-$I11 | P11: =IF($B11=$B10,$P10,0)+$H11*$G11-$N11 | Q11: =IF($O11=0,0,$P11/$O11) | R11: FIFO maliyeti, çıkışın kümülatif tüketim aralığı ile alış katmanlarının kümülatif giriş aralığı kesiştirilerek bulunur.
A12: 7 | B12: ET001 | C12: Dana eti | D12: 46026.458 | E12: Fire | F12: 1 | H12: =IF($E12="Alış",$F12,0) | I12: =IF($E12<>"Alış",$F12,0) | J12: =IF($B12=$B11,$K11,0) | K12: =$J12+$H12 | L12: =IF($B12=$B11,$M11,0) | M12: =$L12+$I12 | N12: =IF($I12=0,0,SUMPRODUCT(($B$6:$B12=$B12)*($H$6:$H12>0)*($G$6:$G12)*(IF($K$6:$K12<$M12,$K$6:$K12,$M12)-IF($J$6:$J12>$L12,$J$6:$J12,$L12))*--((IF($K$6:$K12<$M12,$K$6:$K12,$M12)-IF($J$6:$J12>$L12,$J$6:$J12,$L12))>0))) | O12: =IF($B12=$B11,$O11,0)+$H12-$I12 | P12: =IF($B12=$B11,$P11,0)+$H12*$G12-$N12 | Q12: =IF($O12=0,0,$P12/$O12) | R12: FIFO maliyeti, çıkışın kümülatif tüketim aralığı ile alış katmanlarının kümülatif giriş aralığı kesiştirilerek bulunur.
A13: 8 | B13: UN001 | C13: Un | D13: 46023.312 | E13: Alış | F13: 50 | G13: 18 | H13: =IF($E13="Alış",$F13,0) | I13: =IF($E13<>"Alış",$F13,0) | J13: =IF($B13=$B12,$K12,0) | K13: =$J13+$H13 | L13: =IF($B13=$B12,$M12,0) | M13: =$L13+$I13 | N13: =IF($I13=0,0,SUMPRODUCT(($B$6:$B13=$B13)*($H$6:$H13>0)*($G$6:$G13)*(IF($K$6:$K13<$M13,$K$6:$K13,$M13)-IF($J$6:$J13>$L13,$J$6:$J13,$L13))*--((IF($K$6:$K13<$M13,$K$6:$K13,$M13)-IF($J$6:$J13>$L13,$J$6:$J13,$L13))>0))) | O13: =IF($B13=$B12,$O12,0)+$H13-$I13 | P13: =IF($B13=$B12,$P12,0)+$H13*$G13-$N13 | Q13: =IF($O13=0,0,$P13/$O13) | R13: FIFO maliyeti, çıkışın kümülatif tüketim aralığı ile alış katmanlarının kümülatif giriş aralığı kesiştirilerek bulunur.
A14: 9 | B14: UN001 | C14: Un | D14: 46023.833 | E14: Tüketim | F14: 12 | H14: =IF($E14="Alış",$F14,0) | I14: =IF($E14<>"Alış",$F14,0) | J14: =IF($B14=$B13,$K13,0) | K14: =$J14+$H14 | L14: =IF($B14=$B13,$M13,0) | M14: =$L14+$I14 | N14: =IF($I14=0,0,SUMPRODUCT(($B$6:$B14=$B14)*($H$6:$H14>0)*($G$6:$G14)*(IF($K$6:$K14<$M14,$K$6:$K14,$M14)-IF($J$6:$J14>$L14,$J$6:$J14,$L14))*--((IF($K$6:$K14<$M14,$K$6:$K14,$M14)-IF($J$6:$J14>$L14,$J$6:$J14,$L14))>0))) | O14: =IF($B14=$B13,$O13,0)+$H14-$I14 | P14: =IF($B14=$B13,$P13,0)+$H14*$G14-$N14 | Q14: =IF($O14=0,0,$P14/$O14) | R14: FIFO maliyeti, çıkışın kümülatif tüketim aralığı ile alış katmanlarının kümülatif giriş aralığı kesiştirilerek bulunur.
A15: 10 | B15: UN001 | C15: Un | D15: 46024.319 | E15: Alış | F15: 60 | G15: 21 | H15: =IF($E15="Alış",$F15,0) | I15: =IF($E15<>"Alış",$F15,0) | J15: =IF($B15=$B14,$K14,0) | K15: =$J15+$H15 | L15: =IF($B15=$B14,$M14,0) | M15: =$L15+$I15 | N15: =IF($I15=0,0,SUMPRODUCT(($B$6:$B15=$B15)*($H$6:$H15>0)*($G$6:$G15)*(IF($K$6:$K15<$M15,$K$6:$K15,$M15)-IF($J$6:$J15>$L15,$J$6:$J15,$L15))*--((IF($K$6:$K15<$M15,$K$6:$K15,$M15)-IF($J$6:$J15>$L15,$J$6:$J15,$L15))>0))) | O15: =IF($B15=$B14,$O14,0)+$H15-$I15 | P15: =IF($B15=$B14,$P14,0)+$H15*$G15-$N15 | Q15: =IF($O15=0,0,$P15/$O15) | R15: FIFO maliyeti, çıkışın kümülatif tüketim aralığı ile alış katmanlarının kümülatif giriş aralığı kesiştirilerek bulunur.
A16: 11 | B16: UN001 | C16: Un | D16: 46024.875 | E16: Tüketim | F16: 40 | H16: =IF($E16="Alış",$F16,0) | I16: =IF($E16<>"Alış",$F16,0) | J16: =IF($B16=$B15,$K15,0) | K16: =$J16+$H16 | L16: =IF($B16=$B15,$M15,0) | M16: =$L16+$I16 | N16: =IF($I16=0,0,SUMPRODUCT(($B$6:$B16=$B16)*($H$6:$H16>0)*($G$6:$G16)*(IF($K$6:$K16<$M16,$K$6:$K16,$M16)-IF($J$6:$J16>$L16,$J$6:$J16,$L16))*--((IF($K$6:$K16<$M16,$K$6:$K16,$M16)-IF($J$6:$J16>$L16,$J$6:$J16,$L16))>0))) | O16: =IF($B16=$B15,$O15,0)+$H16-$I16 | P16: =IF($B16=$B15,$P15,0)+$H16*$G16-$N16 | Q16: =IF($O16=0,0,$P16/$O16) | R16: FIFO maliyeti, çıkışın kümülatif tüketim aralığı ile alış katmanlarının kümülatif giriş aralığı kesiştirilerek bulunur.
A17: 12 | B17: UN001 | C17: Un | D17: 46025.34 | E17: Alış | F17: 40 | G17: 24 | H17: =IF($E17="Alış",$F17,0) | I17: =IF($E17<>"Alış",$F17,0) | J17: =IF($B17=$B16,$K16,0) | K17: =$J17+$H17 | L17: =IF($B17=$B16,$M16,0) | M17: =$L17+$I17 | N17: =IF($I17=0,0,SUMPRODUCT(($B$6:$B17=$B17)*($H$6:$H17>0)*($G$6:$G17)*(IF($K$6:$K17<$M17,$K$6:$K17,$M17)-IF($J$6:$J17>$L17,$J$6:$J17,$L17))*--((IF($K$6:$K17<$M17,$K$6:$K17,$M17)-IF($J$6:$J17>$L17,$J$6:$J17,$L17))>0))) | O17: =IF($B17=$B16,$O16,0)+$H17-$I17 | P17: =IF($B17=$B16,$P16,0)+$H17*$G17-$N17 | Q17: =IF($O17=0,0,$P17/$O17) | R17: FIFO maliyeti, çıkışın kümülatif tüketim aralığı ile alış katmanlarının kümülatif giriş aralığı kesiştirilerek bulunur.
A18: 13 | B18: UN001 | C18: Un | D18: 46026.854 | E18: Tüketim | F18: 55 | H18: =IF($E18="Alış",$F18,0) | I18: =IF($E18<>"Alış",$F18,0) | J18: =IF($B18=$B17,$K17,0) | K18: =$J18+$H18 | L18: =IF($B18=$B17,$M17,0) | M18: =$L18+$I18 | N18: =IF($I18=0,0,SUMPRODUCT(($B$6:$B18=$B18)*($H$6:$H18>0)*($G$6:$G18)*(IF($K$6:$K18<$M18,$K$6:$K18,$M18)-IF($J$6:$J18>$L18,$J$6:$J18,$L18))*--((IF($K$6:$K18<$M18,$K$6:$K18,$M18)-IF($J$6:$J18>$L18,$J$6:$J18,$L18))>0))) | O18: =IF($B18=$B17,$O17,0)+$H18-$I18 | P18: =IF($B18=$B17,$P17,0)+$H18*$G18-$N18 | Q18: =IF($O18=0,0,$P18/$O18) | R18: FIFO maliyeti, çıkışın kümülatif tüketim aralığı ile alış katmanlarının kümülatif giriş aralığı kesiştirilerek bulunur.
A19: 14 | B19: UN001 | C19: Un | D19: 46027.417 | E19: Fire | F19: 2 | H19: =IF($E19="Alış",$F19,0) | I19: =IF($E19<>"Alış",$F19,0) | J19: =IF($B19=$B18,$K18,0) | K19: =$J19+$H19 | L19: =IF($B19=$B18,$M18,0) | M19: =$L19+$I19 | N19: =IF($I19=0,0,SUMPRODUCT(($B$6:$B19=$B19)*($H$6:$H19>0)*($G$6:$G19)*(IF($K$6:$K19<$M19,$K$6:$K19,$M19)-IF($J$6:$J19>$L19,$J$6:$J19,$L19))*--((IF($K$6:$K19<$M19,$K$6:$K19,$M19)-IF($J$6:$J19>$L19,$J$6:$J19,$L19))>0))) | O19: =IF($B19=$B18,$O18,0)+$H19-$I19 | P19: =IF($B19=$B18,$P18,0)+$H19*$G19-$N19 | Q19: =IF($O19=0,0,$P19/$O19) | R19: FIFO maliyeti, çıkışın kümülatif tüketim aralığı ile alış katmanlarının kümülatif giriş aralığı kesiştirilerek bulunur.
A21: Hazırlanma tarihi: 2026-06-11 | Not: Formüller İngilizce Excel fonksiyon adlarıyla yazılır; Türkçe Excel arayüzünde yerel adlarla görüntülenebilir.

Sheet 04_Son_Alis
A1: Son Alış Fiyatı Yöntemi
A2: Maliyet, eldeki stok karışımından bağımsız olarak en son fatura fiyatına eşitlenir. En korumacı fiyatlama yaklaşımıdır.
A3: Büyük veri formülü: C_t=IF(HareketTipi='Alış', AlışBirimFiyat, C_(t-1)); ÇıkışMaliyeti=Çıkış*C_t.
A5: HareketID | B5: MalzemeID | C5: Malzeme | D5: TarihSaat | E5: HareketTipi | F5: Miktar | G5: AlışBirimFiyat | H5: GirişMiktar | I5: ÇıkışMiktar | J5: ÖncekiSonAlış | K5: SonAlışBirimMaliyet | L5: ÇıkışMaliyeti | M5: StokMiktarı | N5: TeorikStokDeğeri | O5: Formül mantığı
A6: 1 | B6: ET001 | C6: Dana eti | D6: 46023.333 | E6: Alış | F6: 10 | G6: 400 | H6: =IF($E6="Alış",$F6,0) | I6: =IF($E6<>"Alış",$F6,0) | J6: =IF($B6=$B5,$K5,0) | K6: =IF($E6="Alış",$G6,$J6) | L6: =$I6*$K6 | M6: =IF($B6=$B5,$M5,0)+$H6-$I6 | N6: =$M6*$K6 | O6: Reçete maliyeti, bu satırdan sonra son alış birim fiyatını kullanır; stok değeri teoriktir.
A7: 2 | B7: ET001 | C7: Dana eti | D7: 46023.771 | E7: Tüketim | F7: 3 | H7: =IF($E7="Alış",$F7,0) | I7: =IF($E7<>"Alış",$F7,0) | J7: =IF($B7=$B6,$K6,0) | K7: =IF($E7="Alış",$G7,$J7) | L7: =$I7*$K7 | M7: =IF($B7=$B6,$M6,0)+$H7-$I7 | N7: =$M7*$K7 | O7: Reçete maliyeti, bu satırdan sonra son alış birim fiyatını kullanır; stok değeri teoriktir.
A8: 3 | B8: ET001 | C8: Dana eti | D8: 46024.385 | E8: Alış | F8: 20 | G8: 460 | H8: =IF($E8="Alış",$F8,0) | I8: =IF($E8<>"Alış",$F8,0) | J8: =IF($B8=$B7,$K7,0) | K8: =IF($E8="Alış",$G8,$J8) | L8: =$I8*$K8 | M8: =IF($B8=$B7,$M7,0)+$H8-$I8 | N8: =$M8*$K8 | O8: Reçete maliyeti, bu satırdan sonra son alış birim fiyatını kullanır; stok değeri teoriktir.
A9: 4 | B9: ET001 | C9: Dana eti | D9: 46024.792 | E9: Tüketim | F9: 12 | H9: =IF($E9="Alış",$F9,0) | I9: =IF($E9<>"Alış",$F9,0) | J9: =IF($B9=$B8,$K8,0) | K9: =IF($E9="Alış",$G9,$J9) | L9: =$I9*$K9 | M9: =IF($B9=$B8,$M8,0)+$H9-$I9 | N9: =$M9*$K9 | O9: Reçete maliyeti, bu satırdan sonra son alış birim fiyatını kullanır; stok değeri teoriktir.
A10: 5 | B10: ET001 | C10: Dana eti | D10: 46025.389 | E10: Alış | F10: 15 | G10: 500 | H10: =IF($E10="Alış",$F10,0) | I10: =IF($E10<>"Alış",$F10,0) | J10: =IF($B10=$B9,$K9,0) | K10: =IF($E10="Alış",$G10,$J10) | L10: =$I10*$K10 | M10: =IF($B10=$B9,$M9,0)+$H10-$I10 | N10: =$M10*$K10 | O10: Reçete maliyeti, bu satırdan sonra son alış birim fiyatını kullanır; stok değeri teoriktir.
A11: 6 | B11: ET001 | C11: Dana eti | D11: 46025.882 | E11: Tüketim | F11: 18 | H11: =IF($E11="Alış",$F11,0) | I11: =IF($E11<>"Alış",$F11,0) | J11: =IF($B11=$B10,$K10,0) | K11: =IF($E11="Alış",$G11,$J11) | L11: =$I11*$K11 | M11: =IF($B11=$B10,$M10,0)+$H11-$I11 | N11: =$M11*$K11 | O11: Reçete maliyeti, bu satırdan sonra son alış birim fiyatını kullanır; stok değeri teoriktir.
A12: 7 | B12: ET001 | C12: Dana eti | D12: 46026.458 | E12: Fire | F12: 1 | H12: =IF($E12="Alış",$F12,0) | I12: =IF($E12<>"Alış",$F12,0) | J12: =IF($B12=$B11,$K11,0) | K12: =IF($E12="Alış",$G12,$J12) | L12: =$I12*$K12 | M12: =IF($B12=$B11,$M11,0)+$H12-$I12 | N12: =$M12*$K12 | O12: Reçete maliyeti, bu satırdan sonra son alış birim fiyatını kullanır; stok değeri teoriktir.
A13: 8 | B13: UN001 | C13: Un | D13: 46023.312 | E13: Alış | F13: 50 | G13: 18 | H13: =IF($E13="Alış",$F13,0) | I13: =IF($E13<>"Alış",$F13,0) | J13: =IF($B13=$B12,$K12,0) | K13: =IF($E13="Alış",$G13,$J13) | L13: =$I13*$K13 | M13: =IF($B13=$B12,$M12,0)+$H13-$I13 | N13: =$M13*$K13 | O13: Reçete maliyeti, bu satırdan sonra son alış birim fiyatını kullanır; stok değeri teoriktir.
A14: 9 | B14: UN001 | C14: Un | D14: 46023.833 | E14: Tüketim | F14: 12 | H14: =IF($E14="Alış",$F14,0) | I14: =IF($E14<>"Alış",$F14,0) | J14: =IF($B14=$B13,$K13,0) | K14: =IF($E14="Alış",$G14,$J14) | L14: =$I14*$K14 | M14: =IF($B14=$B13,$M13,0)+$H14-$I14 | N14: =$M14*$K14 | O14: Reçete maliyeti, bu satırdan sonra son alış birim fiyatını kullanır; stok değeri teoriktir.
A15: 10 | B15: UN001 | C15: Un | D15: 46024.319 | E15: Alış | F15: 60 | G15: 21 | H15: =IF($E15="Alış",$F15,0) | I15: =IF($E15<>"Alış",$F15,0) | J15: =IF($B15=$B14,$K14,0) | K15: =IF($E15="Alış",$G15,$J15) | L15: =$I15*$K15 | M15: =IF($B15=$B14,$M14,0)+$H15-$I15 | N15: =$M15*$K15 | O15: Reçete maliyeti, bu satırdan sonra son alış birim fiyatını kullanır; stok değeri teoriktir.
A16: 11 | B16: UN001 | C16: Un | D16: 46024.875 | E16: Tüketim | F16: 40 | H16: =IF($E16="Alış",$F16,0) | I16: =IF($E16<>"Alış",$F16,0) | J16: =IF($B16=$B15,$K15,0) | K16: =IF($E16="Alış",$G16,$J16) | L16: =$I16*$K16 | M16: =IF($B16=$B15,$M15,0)+$H16-$I16 | N16: =$M16*$K16 | O16: Reçete maliyeti, bu satırdan sonra son alış birim fiyatını kullanır; stok değeri teoriktir.
A17: 12 | B17: UN001 | C17: Un | D17: 46025.34 | E17: Alış | F17: 40 | G17: 24 | H17: =IF($E17="Alış",$F17,0) | I17: =IF($E17<>"Alış",$F17,0) | J17: =IF($B17=$B16,$K16,0) | K17: =IF($E17="Alış",$G17,$J17) | L17: =$I17*$K17 | M17: =IF($B17=$B16,$M16,0)+$H17-$I17 | N17: =$M17*$K17 | O17: Reçete maliyeti, bu satırdan sonra son alış birim fiyatını kullanır; stok değeri teoriktir.
A18: 13 | B18: UN001 | C18: Un | D18: 46026.854 | E18: Tüketim | F18: 55 | H18: =IF($E18="Alış",$F18,0) | I18: =IF($E18<>"Alış",$F18,0) | J18: =IF($B18=$B17,$K17,0) | K18: =IF($E18="Alış",$G18,$J18) | L18: =$I18*$K18 | M18: =IF($B18=$B17,$M17,0)+$H18-$I18 | N18: =$M18*$K18 | O18: Reçete maliyeti, bu satırdan sonra son alış birim fiyatını kullanır; stok değeri teoriktir.
A19: 14 | B19: UN001 | C19: Un | D19: 46027.417 | E19: Fire | F19: 2 | H19: =IF($E19="Alış",$F19,0) | I19: =IF($E19<>"Alış",$F19,0) | J19: =IF($B19=$B18,$K18,0) | K19: =IF($E19="Alış",$G19,$J19) | L19: =$I19*$K19 | M19: =IF($B19=$B18,$M18,0)+$H19-$I19 | N19: =$M19*$K19 | O19: Reçete maliyeti, bu satırdan sonra son alış birim fiyatını kullanır; stok değeri teoriktir.
A21: Hazırlanma tarihi: 2026-06-11 | Not: Formüller İngilizce Excel fonksiyon adlarıyla yazılır; Türkçe Excel arayüzünde yerel adlarla görüntülenebilir.

Sheet 05_Buyuk_Data_Rehberi
A1: Büyük Data Formülasyon Rehberi
A2: Milyonlarca stok hareketinde amaç, her satışta bütün geçmişi tekrar taramak değil; ürün bazlı güncel durum/snapshot üretmektir.
A4: 1. Veri modeli
A5: Not | B5: Hareket tablosu append-only olmalı: HareketID, TarihSaat, Şube/Depo, MalzemeID, HareketTipi, Miktar, Birim, AlışBirimFiyat, ParaBirimi, Kur, BelgeNo.
A6: Not | B6: MalzemeID ve birim dönüşümü sabit olmalı. kg, gram, litre gibi reçete birimleri alış birimine çevrilmeden maliyet doğru hesaplanmaz.
A7: Not | B7: Sıralama anahtarı: MalzemeID + Şube/Depo + TarihSaat + HareketID. Aynı saniyede birden fazla kayıt varsa HareketID kesin sıra verir.
A9: 2. Ağırlıklı Ortalama
A10: Not | B10: Tutulan state: StokMiktarı(Q), StokTutarı(V), AnlıkBirimMaliyet(C).
A11: Not | B11: Alışta: Q=Q+AlışMiktarı; V=V+AlışMiktarı*AlışFiyatı; C=V/Q.
A12: Not | B12: Çıkışta: ÇıkışMaliyeti=ÇıkışMiktarı*C_önceki; Q=Q-ÇıkışMiktarı; V=V-ÇıkışMaliyeti; C=V/Q.
A14: 3. FIFO
A15: Not | B15: Tutulan state: açık alış lotları kuyruğu. Her lotta MalzemeID, KalanMiktar, BirimFiyat, GirişTarihi bulunur.
A16: Not | B16: Çıkışta en eski lotlardan tüketilir. Bir çıkış birden fazla lota bölünebilir; maliyet her parçanın miktar*fiyat toplamıdır.
A17: Not | B17: Analitik formül: KullanılanMiktar_lot=max(0, min(ÇıkışSonrası, LotEnd)-max(ÇıkışÖncesi, LotStart)).
A19: 4. Son Alış Fiyatı
A20: Not | B20: Tutulan state: ürün bazında LastPurchasePrice. Her alış faturası geldiğinde güncellenir.
A21: Not | B21: Çıkışta: ÇıkışMaliyeti=ÇıkışMiktarı*LastPurchasePrice. Reçete maliyeti de aynı cari fiyatı okur.
A22: Not | B22: En kolay ölçeklenen yöntemdir; ancak stok defterindeki fiili maliyetle teorik yenileme maliyeti ayrıştırılmalıdır.
A24: 5. Excel performansı
A25: Not | B25: Excel satır limiti 1.048.576'dır. Bu sınırı aşan veride ham hareketler SQL/BigQuery/PostgreSQL/DataConnect gibi bir yerde kalmalı; Excel özet ve kontrol için kullanılmalıdır.
A26: Not | B26: Milyon satırlık Excel'de her satıra SUMIFS/XLOOKUP ile tüm geçmişi taratmak yavaştır. Sıralı veri + üst satırdan devam eden formül daha iyi ölçeklenir.
A27: Not | B27: Power Query ile veriyi parçalara ayırıp ürün bazında gruplayın; Power Pivot ölçüleriyle raporlayın. FIFO için uygulama servisinde lot tüketim tablosu üretmek en temiz yoldur.
A29: 6. Kontrol kuralları
A30: Not | B30: Mal kabul faturası sisteme geç girerse, o günkü satış maliyetleri eski fiyatla hesaplanır. Anlık entegrasyon şarttır.
A31: Not | B31: Fire/yield reçetede ayrı ele alınmalıdır. Örneğin net 1 kg kullanılabilir et için %80 yield varsa maliyete esas alış miktarı 1/0,80=1,25 kg olur.
A32: Not | B32: Negatif stok uyarısı kurulmalıdır. Negatif stok, hangi yöntem seçilirse seçilsin maliyeti bozar.
A35: Yöntem | B35: Snapshot/state | C35: Çıkış maliyeti | D35: Büyük veride önerilen işlem
A36: Ağırlıklı Ortalama | B36: Q, V, C | C36: Çıkış*C_önceki | D36: Malzeme bazlı akan bakiye veya günlük snapshot
A37: FIFO | B37: Açık lot kuyruğu | C37: Lot parçalarının miktar*fiyat toplamı | D37: Lot tüketim tablosu; satış satırı gerekirse birden çok lota bölünür
A38: Son Alış | B38: LastPurchasePrice | C38: Çıkış*LastPurchasePrice | D38: Ürün master fiyat alanı; alışta güncelle, satışta oku
A40: Hazırlanma tarihi: 2026-06-11 | Not: Formüller İngilizce Excel fonksiyon adlarıyla yazılır; Türkçe Excel arayüzünde yerel adlarla görüntülenebilir.

Sheet 06_Recete_Maliyeti
A1: Reçete Maliyetine Etkisi
A2: Aynı reçete satırları üç yöntemden gelen cari birim maliyetlerle hesaplanır. Yield/fire etkisi için maliyete esas miktar = net miktar / yield.
A5: MenüKalemi | B5: MalzemeID | C5: Malzeme | D5: NetMiktar | E5: Yield | F5: MaliyeteEsasMiktar | G5: WACBirim | H5: FIFOBirim | I5: SonAlışBirim | J5: WACSatırMaliyeti | K5: FIFOSatırMaliyeti | L5: SonAlışSatırMaliyeti
A6: Izgara Dana Porsiyon | B6: ET001 | C6: Dana eti | D6: 0.25 | E6: 0.8 | F6: =IF($E6=0,0,$D6/$E6) | G6: =XLOOKUP($B6,'02_Agirlikli_Ortalama'!$B:$B,'02_Agirlikli_Ortalama'!$Q:$Q,"",0,-1) | H6: =XLOOKUP($B6,'03_FIFO'!$B:$B,'03_FIFO'!$Q:$Q,"",0,-1) | I6: =XLOOKUP($B6,'04_Son_Alis'!$B:$B,'04_Son_Alis'!$K:$K,"",0,-1) | J6: =$F6*$G6 | K6: =$F6*$H6 | L6: =$F6*$I6
A7: Izgara Dana Porsiyon | B7: UN001 | C7: Un | D7: 0.03 | E7: 1 | F7: =IF($E7=0,0,$D7/$E7) | G7: =XLOOKUP($B7,'02_Agirlikli_Ortalama'!$B:$B,'02_Agirlikli_Ortalama'!$Q:$Q,"",0,-1) | H7: =XLOOKUP($B7,'03_FIFO'!$B:$B,'03_FIFO'!$Q:$Q,"",0,-1) | I7: =XLOOKUP($B7,'04_Son_Alis'!$B:$B,'04_Son_Alis'!$K:$K,"",0,-1) | J7: =$F7*$G7 | K7: =$F7*$H7 | L7: =$F7*$I7
A8: Kıymalı Pide | B8: ET001 | C8: Dana eti | D8: 0.12 | E8: 0.8 | F8: =IF($E8=0,0,$D8/$E8) | G8: =XLOOKUP($B8,'02_Agirlikli_Ortalama'!$B:$B,'02_Agirlikli_Ortalama'!$Q:$Q,"",0,-1) | H8: =XLOOKUP($B8,'03_FIFO'!$B:$B,'03_FIFO'!$Q:$Q,"",0,-1) | I8: =XLOOKUP($B8,'04_Son_Alis'!$B:$B,'04_Son_Alis'!$K:$K,"",0,-1) | J8: =$F8*$G8 | K8: =$F8*$H8 | L8: =$F8*$I8
A9: Kıymalı Pide | B9: UN001 | C9: Un | D9: 0.18 | E9: 1 | F9: =IF($E9=0,0,$D9/$E9) | G9: =XLOOKUP($B9,'02_Agirlikli_Ortalama'!$B:$B,'02_Agirlikli_Ortalama'!$Q:$Q,"",0,-1) | H9: =XLOOKUP($B9,'03_FIFO'!$B:$B,'03_FIFO'!$Q:$Q,"",0,-1) | I9: =XLOOKUP($B9,'04_Son_Alis'!$B:$B,'04_Son_Alis'!$K:$K,"",0,-1) | J9: =$F9*$G9 | K9: =$F9*$H9 | L9: =$F9*$I9
A13: Menü toplamları
A14: MenüKalemi | B14: WAC Toplam | C14: FIFO Toplam | D14: Son Alış Toplam | E14: Son Alış - WAC Farkı | G14: Reçete notu
A15: Izgara Dana Porsiyon | B15: =SUMIF($A$6:$A$9,$A15,$J$6:$J$9) | C15: =SUMIF($A$6:$A$9,$A15,$K$6:$K$9) | D15: =SUMIF($A$6:$A$9,$A15,$L$6:$L$9) | E15: =$D15-$B15 | G15: Yield örneği: Net 0,250 kg et kullanılacaksa ve temizleme sonrası verim %80 ise maliyete esas miktar 0,250 / 0,80 = 0,3125 kg olur.
A16: Kıymalı Pide | B16: =SUMIF($A$6:$A$9,$A16,$J$6:$J$9) | C16: =SUMIF($A$6:$A$9,$A16,$K$6:$K$9) | D16: =SUMIF($A$6:$A$9,$A16,$L$6:$L$9) | E16: =$D16-$B16 | G16: Bu sayfadaki birim fiyatlar, üç yöntem sayfasındaki son cari birim maliyeti çeker. Excel açıldığında formüller otomatik hesaplanır.
A18: Hazırlanma tarihi: 2026-06-11 | Not: Formüller İngilizce Excel fonksiyon adlarıyla yazılır; Türkçe Excel arayüzünde yerel adlarla görüntülenebilir.
